week_num,game_day_of_week,game_date,game_time,boxscore_word,game_outcome,overtime,team_record,game_location,opp,pts_off,pts_def,first_down_off,yards_off,pass_yds_off,rush_yds_off,to_off,first_down_def,yards_def,pass_yds_def,rush_yds_def,to_def,exp_pts_off,exp_pts_def,exp_pts_st,team,year
1,Sun,September 13,1:00PM ET,boxscore,W,,1-0,,Miami Dolphins,21.0,11.0,29.0,357.0,140.0,217.0,1.0,20.0,269.0,182.0,87.0,3.0,14.11,2.2,-5.64,NWE,2020
2,Sun,September 20,8:20PM ET,boxscore,L,,1-1,@,Seattle Seahawks,30.0,35.0,29.0,464.0,397.0,67.0,1.0,22.0,429.0,275.0,154.0,1.0,19.82,-14.54,-6.98,NWE,2020
3,Sun,September 27,1:00PM ET,boxscore,W,,2-1,,Las Vegas Raiders,36.0,20.0,25.0,406.0,156.0,250.0,1.0,22.0,375.0,249.0,126.0,3.0,11.03,-0.71,5.81,NWE,2020
4,Mon,October 5,7:05PM ET,boxscore,L,,2-2,@,Kansas City Chiefs,10.0,26.0,21.0,357.0,172.0,185.0,4.0,19.0,323.0,229.0,94.0,1.0,-10.82,-5.72,3.78,NWE,2020
5,,,,,,,,,Bye Week,,,,,,,,,,,,,,,,NWE,2020
6,Sun,October 18,1:00PM ET,boxscore,L,,2-3,,Denver Broncos,12.0,18.0,14.0,288.0,171.0,117.0,3.0,15.0,299.0,164.0,135.0,2.0,-13.3,6.67,1.59,NWE,2020
7,Sun,October 25,4:25PM ET,boxscore,L,,2-4,,San Francisco 49ers,6.0,33.0,17.0,241.0,147.0,94.0,4.0,26.0,467.0,270.0,197.0,2.0,-9.49,-22.44,6.55,NWE,2020
8,Sun,November 1,1:00PM ET,boxscore,L,,2-5,@,Buffalo Bills,21.0,24.0,20.0,349.0,161.0,188.0,1.0,22.0,339.0,149.0,190.0,1.0,8.26,-8.85,-0.85,NWE,2020
9,Mon,November 9,8:15PM ET,boxscore,W,,3-5,@,New York Jets,30.0,27.0,30.0,433.0,274.0,159.0,,18.0,322.0,257.0,65.0,1.0,18.7,-18.71,2.16,NWE,2020
10,Sun,November 15,8:20PM ET,boxscore,W,,4-5,,Baltimore Ravens,23.0,17.0,25.0,308.0,135.0,173.0,,19.0,357.0,242.0,115.0,1.0,13.95,-3.45,-1.86,NWE,2020
11,Sun,November 22,1:00PM ET,boxscore,L,,4-6,@,Houston Texans,20.0,27.0,22.0,435.0,349.0,86.0,,21.0,399.0,344.0,55.0,,13.67,-15.69,-0.27,NWE,2020
12,Sun,November 29,1:00PM ET,boxscore,W,,5-6,,Arizona Cardinals,20.0,17.0,16.0,179.0,69.0,110.0,2.0,23.0,298.0,160.0,138.0,1.0,-4.68,0.0,9.06,NWE,2020
13,Sun,December 6,4:25PM ET,boxscore,W,,6-6,@,Los Angeles Chargers,45.0,0.0,22.0,291.0,126.0,165.0,,17.0,258.0,188.0,70.0,2.0,9.66,16.13,22.19,NWE,2020
14,Thu,December 10,8:20PM ET,boxscore,L,,6-7,@,Los Angeles Rams,3.0,24.0,10.0,220.0,113.0,107.0,1.0,17.0,318.0,132.0,186.0,1.0,-29.77,-1.19,8.58,NWE,2020
15,Sun,December 20,1:00PM ET,boxscore,L,,6-8,@,Miami Dolphins,12.0,22.0,18.0,303.0,186.0,117.0,1.0,26.0,383.0,133.0,250.0,1.0,-1.0,-16.71,6.16,NWE,2020
16,Mon,December 28,8:15PM ET,boxscore,L,,6-9,,Buffalo Bills,9.0,38.0,11.0,201.0,56.0,145.0,,31.0,474.0,344.0,130.0,,-2.39,-26.17,1.1,NWE,2020
17,Sun,January 3,1:00PM ET,boxscore,W,,7-9,,New York Jets,28.0,14.0,23.0,404.0,238.0,166.0,,21.0,350.0,239.0,111.0,2.0,18.13,-3.92,-0.05,NWE,2020
1,Sun,September 13,1:00PM ET,boxscore,W,,1-0,,New York Jets,27.0,17.0,31.0,404.0,306.0,98.0,2.0,15.0,254.0,202.0,52.0,2.0,14.47,0.12,-3.63,BUF,2020
2,Sun,September 20,1:00PM ET,boxscore,W,,2-0,@,Miami Dolphins,31.0,28.0,23.0,523.0,411.0,112.0,1.0,28.0,410.0,311.0,99.0,,21.16,-12.7,-2.3,BUF,2020
3,Sun,September 27,1:00PM ET,boxscore,W,,3-0,,Los Angeles Rams,35.0,32.0,23.0,375.0,274.0,101.0,2.0,28.0,478.0,311.0,167.0,2.0,17.83,-19.86,6.79,BUF,2020
4,Sun,October 4,4:25PM ET,boxscore,W,,4-0,@,Las Vegas Raiders,30.0,23.0,21.0,337.0,274.0,63.0,,24.0,383.0,297.0,86.0,2.0,16.49,-7.2,-1.37,BUF,2020
5,Tue,October 13,7:00PM ET,boxscore,L,,4-1,@,Tennessee Titans,16.0,42.0,23.0,370.0,275.0,95.0,3.0,25.0,334.0,195.0,139.0,,1.55,-24.29,-0.82,BUF,2020
6,Mon,October 19,5:00PM ET,boxscore,L,,4-2,,Kansas City Chiefs,17.0,26.0,20.0,206.0,122.0,84.0,1.0,27.0,466.0,221.0,245.0,1.0,4.19,-21.56,8.48,BUF,2020
7,Sun,October 25,1:00PM ET,boxscore,W,,5-2,@,New York Jets,18.0,10.0,26.0,422.0,296.0,126.0,1.0,17.0,191.0,91.0,100.0,2.0,6.27,8.08,-3.23,BUF,2020
8,Sun,November 1,1:00PM ET,boxscore,W,,6-2,,New England Patriots,24.0,21.0,22.0,339.0,149.0,190.0,1.0,20.0,349.0,161.0,188.0,1.0,8.85,-8.26,0.85,BUF,2020
9,Sun,November 8,1:00PM ET,boxscore,W,,7-2,,Seattle Seahawks,44.0,34.0,27.0,420.0,386.0,34.0,,22.0,419.0,362.0,57.0,4.0,17.05,-9.12,4.66,BUF,2020
10,Sun,November 15,4:05PM ET,boxscore,L,,7-3,@,Arizona Cardinals,30.0,32.0,22.0,369.0,296.0,73.0,2.0,26.0,453.0,236.0,217.0,2.0,3.67,-8.17,4.77,BUF,2020
11,,,,,,,,,Bye Week,,,,,,,,,,,,,,,,BUF,2020
12,Sun,November 29,1:00PM ET,boxscore,W,,8-3,,Los Angeles Chargers,27.0,17.0,23.0,332.0,160.0,172.0,3.0,24.0,367.0,291.0,76.0,1.0,5.65,-4.93,4.65,BUF,2020
13,Mon,December 7,8:15PM ET,boxscore,W,,9-3,@,San Francisco 49ers,34.0,24.0,31.0,449.0,368.0,81.0,1.0,24.0,402.0,316.0,86.0,2.0,18.14,-6.59,0.36,BUF,2020
14,Sun,December 13,8:20PM ET,boxscore,W,,10-3,,Pittsburgh Steelers,26.0,15.0,21.0,334.0,230.0,104.0,2.0,14.0,224.0,177.0,47.0,2.0,3.18,11.72,-0.16,BUF,2020
15,Sat,December 19,4:30PM ET,boxscore,W,,11-3,@,Denver Broncos,48.0,19.0,29.0,534.0,352.0,182.0,1.0,19.0,255.0,115.0,140.0,1.0,28.8,3.55,-0.71,BUF,2020
16,Mon,December 28,8:15PM ET,boxscore,W,,12-3,@,New England Patriots,38.0,9.0,31.0,474.0,344.0,130.0,,11.0,201.0,56.0,145.0,,26.17,2.39,-1.1,BUF,2020
17,Sun,January 3,1:00PM ET,boxscore,W,,13-3,,Miami Dolphins,56.0,26.0,24.0,455.0,377.0,78.0,2.0,27.0,454.0,384.0,70.0,4.0,19.85,8.17,2.88,BUF,2020
,,Playoffs,,,,,,,,,,,,,,,,,,,,,,,BUF,2020
Wild Card,Sat,January 9,1:05PM ET,boxscore,W,,14-3,,Indianapolis Colts,27.0,24.0,22.0,397.0,301.0,96.0,,27.0,472.0,309.0,163.0,,15.99,-18.47,4.83,BUF,2020
Division,Sat,January 16,8:15PM ET,boxscore,W,,15-3,,Baltimore Ravens,17.0,3.0,17.0,220.0,188.0,32.0,,19.0,340.0,190.0,150.0,1.0,-3.68,14.36,1.22,BUF,2020
Conf. Champ.,Sun,January 24,6:40PM ET,boxscore,L,,15-4,@,Kansas City Chiefs,24.0,38.0,24.0,363.0,234.0,129.0,1.0,29.0,439.0,325.0,114.0,1.0,3.03,-30.34,9.61,BUF,2020
1,Sun,September 13,1:00PM ET,boxscore,L,,0-1,@,New England Patriots,11.0,21.0,20.0,269.0,182.0,87.0,3.0,29.0,357.0,140.0,217.0,1.0,-2.2,-14.11,5.64,MIA,2020
2,Sun,September 20,1:00PM ET,boxscore,L,,0-2,,Buffalo Bills,28.0,31.0,28.0,410.0,311.0,99.0,,23.0,523.0,411.0,112.0,1.0,12.7,-21.16,2.3,MIA,2020
3,Thu,September 24,8:20PM ET,boxscore,W,,1-2,@,Jacksonville Jaguars,31.0,13.0,23.0,294.0,156.0,138.0,,22.0,318.0,246.0,72.0,2.0,12.93,5.61,-1.87,MIA,2020
4,Sun,October 4,1:00PM ET,boxscore,L,,1-3,,Seattle Seahawks,23.0,31.0,25.0,415.0,312.0,103.0,2.0,26.0,441.0,343.0,98.0,1.0,7.12,-16.11,1.32,MIA,2020
5,Sun,October 11,4:05PM ET,boxscore,W,,2-3,@,San Francisco 49ers,43.0,17.0,22.0,436.0,342.0,94.0,,19.0,259.0,128.0,131.0,3.0,19.36,9.48,0.03,MIA,2020
6,Sun,October 18,4:05PM ET,boxscore,W,,3-3,,New York Jets,24.0,0.0,18.0,302.0,192.0,110.0,2.0,13.0,263.0,148.0,115.0,1.0,0.32,18.17,3.79,MIA,2020
7,,,,,,,,,Bye Week,,,,,,,,,,,,,,,,MIA,2020
8,Sun,November 1,1:00PM ET,boxscore,W,,4-3,,Los Angeles Rams,28.0,17.0,8.0,145.0,90.0,55.0,2.0,31.0,471.0,340.0,131.0,4.0,-21.63,18.41,12.41,MIA,2020
9,Sun,November 8,4:25PM ET,boxscore,W,,5-3,@,Arizona Cardinals,34.0,31.0,24.0,312.0,221.0,91.0,,26.0,442.0,264.0,178.0,1.0,15.28,-17.94,6.36,MIA,2020
10,Sun,November 15,4:05PM ET,boxscore,W,,6-3,,Los Angeles Chargers,29.0,21.0,17.0,280.0,169.0,111.0,1.0,19.0,273.0,174.0,99.0,1.0,-7.96,1.88,14.67,MIA,2020
11,Sun,November 22,4:05PM ET,boxscore,L,,6-4,@,Denver Broncos,13.0,20.0,17.0,223.0,167.0,56.0,1.0,19.0,459.0,270.0,189.0,2.0,-6.76,-9.2,4.92,MIA,2020
12,Sun,November 29,1:00PM ET,boxscore,W,,7-4,@,New York Jets,20.0,3.0,22.0,345.0,241.0,104.0,2.0,10.0,260.0,173.0,87.0,2.0,1.9,15.02,3.01,MIA,2020
13,Sun,December 6,1:00PM ET,boxscore,W,,8-4,,Cincinnati Bengals,19.0,7.0,23.0,406.0,296.0,110.0,1.0,12.0,196.0,156.0,40.0,2.0,5.94,7.2,-1.67,MIA,2020
14,Sun,December 13,1:00PM ET,boxscore,L,,8-5,,Kansas City Chiefs,27.0,33.0,27.0,367.0,287.0,80.0,1.0,22.0,448.0,354.0,94.0,4.0,10.4,-3.61,-14.14,MIA,2020
15,Sun,December 20,1:00PM ET,boxscore,W,,9-5,,New England Patriots,22.0,12.0,26.0,383.0,133.0,250.0,1.0,18.0,303.0,186.0,117.0,1.0,16.71,1.0,-6.16,MIA,2020
16,Sat,December 26,8:15PM ET,boxscore,W,,10-5,@,Las Vegas Raiders,26.0,25.0,18.0,383.0,253.0,130.0,,23.0,418.0,314.0,104.0,1.0,6.02,-11.22,3.21,MIA,2020
17,Sun,January 3,1:00PM ET,boxscore,L,,10-6,@,Buffalo Bills,26.0,56.0,27.0,454.0,384.0,70.0,4.0,24.0,455.0,377.0,78.0,2.0,-8.17,-19.85,-2.88,MIA,2020
1,Sun,September 13,1:00PM ET,boxscore,L,,0-1,@,Buffalo Bills,17.0,27.0,15.0,254.0,202.0,52.0,2.0,31.0,404.0,306.0,98.0,2.0,-0.12,-14.47,3.63,NYJ,2020
2,Sun,September 20,1:00PM ET,boxscore,L,,0-2,,San Francisco 49ers,13.0,31.0,17.0,277.0,173.0,104.0,,17.0,359.0,177.0,182.0,1.0,-4.92,-11.4,-0.86,NYJ,2020
3,Sun,September 27,4:05PM ET,boxscore,L,,0-3,@,Indianapolis Colts,7.0,36.0,15.0,260.0,151.0,109.0,3.0,21.0,353.0,234.0,119.0,,-22.25,-11.02,0.99,NYJ,2020
4,Thu,October 1,8:20PM ET,boxscore,L,,0-4,,Denver Broncos,28.0,37.0,18.0,321.0,192.0,129.0,,21.0,359.0,242.0,117.0,3.0,-6.47,-7.81,0.72,NYJ,2020
5,Sun,October 11,1:00PM ET,boxscore,L,,0-5,,Arizona Cardinals,10.0,30.0,21.0,285.0,162.0,123.0,,28.0,496.0,369.0,127.0,1.0,-4.27,-17.2,3.61,NYJ,2020
6,Sun,October 18,4:05PM ET,boxscore,L,,0-6,@,Miami Dolphins,0.0,24.0,13.0,263.0,148.0,115.0,1.0,18.0,302.0,192.0,110.0,2.0,-18.17,-0.32,-3.79,NYJ,2020
7,Sun,October 25,1:00PM ET,boxscore,L,,0-7,,Buffalo Bills,10.0,18.0,17.0,191.0,91.0,100.0,2.0,26.0,422.0,296.0,126.0,1.0,-8.08,-6.27,3.23,NYJ,2020
8,Sun,November 1,1:00PM ET,boxscore,L,,0-8,@,Kansas City Chiefs,9.0,35.0,13.0,221.0,128.0,93.0,1.0,25.0,496.0,446.0,50.0,,-8.29,-21.48,6.95,NYJ,2020
9,Mon,November 9,8:15PM ET,boxscore,L,,0-9,,New England Patriots,27.0,30.0,18.0,322.0,257.0,65.0,1.0,30.0,433.0,274.0,159.0,,18.71,-18.7,-2.16,NYJ,2020
10,,,,,,,,,Bye Week,,,,,,,,,,,,,,,,NYJ,2020
11,Sun,November 22,4:05PM ET,boxscore,L,,0-10,@,Los Angeles Chargers,28.0,34.0,20.0,292.0,196.0,96.0,1.0,28.0,376.0,347.0,29.0,1.0,7.52,-16.66,3.42,NYJ,2020
12,Sun,November 29,1:00PM ET,boxscore,L,,0-11,,Miami Dolphins,3.0,20.0,10.0,260.0,173.0,87.0,2.0,22.0,345.0,241.0,104.0,2.0,-15.02,-1.9,-3.01,NYJ,2020
13,Sun,December 6,1:00PM ET,boxscore,L,,0-12,,Las Vegas Raiders,28.0,31.0,24.0,376.0,170.0,206.0,3.0,24.0,440.0,368.0,72.0,2.0,7.59,-9.86,0.37,NYJ,2020
14,Sun,December 13,4:05PM ET,boxscore,L,,0-13,@,Seattle Seahawks,3.0,40.0,12.0,185.0,116.0,69.0,1.0,28.0,410.0,236.0,174.0,1.0,-10.41,-22.39,-2.47,NYJ,2020
15,Sun,December 20,4:05PM ET,boxscore,W,,1-13,@,Los Angeles Rams,23.0,20.0,17.0,289.0,196.0,93.0,,16.0,303.0,189.0,114.0,1.0,0.42,2.53,0.32,NYJ,2020
16,Sun,December 27,1:00PM ET,boxscore,W,,2-13,,Cleveland Browns,23.0,16.0,18.0,333.0,202.0,131.0,,23.0,299.0,254.0,45.0,2.0,0.77,5.93,-4.45,NYJ,2020
17,Sun,January 3,1:00PM ET,boxscore,L,,2-14,@,New England Patriots,14.0,28.0,21.0,350.0,239.0,111.0,2.0,23.0,404.0,238.0,166.0,,3.92,-18.13,0.05,NYJ,2020
1,Mon,September 14,7:15PM ET,boxscore,W,,1-0,@,New York Giants,26.0,16.0,19.0,349.0,208.0,141.0,1.0,20.0,291.0,262.0,29.0,2.0,13.2,6.06,-5.36,PIT,2020
2,Sun,September 20,1:00PM ET,boxscore,W,,2-0,,Denver Broncos,26.0,21.0,19.0,410.0,301.0,109.0,2.0,23.0,319.0,215.0,104.0,2.0,-0.36,6.02,3.9,PIT,2020
3,Sun,September 27,1:00PM ET,boxscore,W,,3-0,,Houston Texans,28.0,21.0,25.0,387.0,218.0,169.0,,13.0,260.0,231.0,29.0,1.0,15.39,-4.41,-2.08,PIT,2020
4,,,,,,,,,Bye Week,,,,,,,,,,,,,,,,PIT,2020
5,Sun,October 11,1:00PM ET,boxscore,W,,4-0,,Philadelphia Eagles,38.0,29.0,25.0,367.0,231.0,136.0,1.0,20.0,336.0,242.0,94.0,2.0,20.16,-14.47,3.43,PIT,2020
6,Sun,October 18,1:00PM ET,boxscore,W,,5-0,,Cleveland Browns,38.0,7.0,18.0,277.0,148.0,129.0,,12.0,220.0,145.0,75.0,2.0,6.99,22.96,0.58,PIT,2020
7,Sun,October 25,1:00PM ET,boxscore,W,,6-0,@,Tennessee Titans,27.0,24.0,23.0,362.0,268.0,94.0,3.0,15.0,292.0,210.0,82.0,,6.7,-6.99,3.88,PIT,2020
8,Sun,November 1,1:00PM ET,boxscore,W,,7-0,@,Baltimore Ravens,28.0,24.0,19.0,221.0,173.0,48.0,1.0,25.0,457.0,192.0,265.0,4.0,4.67,-3.94,-0.54,PIT,2020
9,Sun,November 8,4:25PM ET,boxscore,W,,8-0,@,Dallas Cowboys,24.0,19.0,20.0,355.0,309.0,46.0,,19.0,364.0,220.0,144.0,2.0,4.51,3.09,-5.6,PIT,2020
10,Sun,November 15,4:25PM ET,boxscore,W,,9-0,,Cincinnati Bengals,36.0,10.0,22.0,377.0,333.0,44.0,,16.0,324.0,185.0,139.0,2.0,7.92,10.97,-0.05,PIT,2020
11,Sun,November 22,1:00PM ET,boxscore,W,,10-0,@,Jacksonville Jaguars,27.0,3.0,23.0,373.0,267.0,106.0,1.0,14.0,206.0,133.0,73.0,4.0,11.97,22.2,-5.91,PIT,2020
12,Wed,December 2,3:40PM ET,boxscore,W,,11-0,,Baltimore Ravens,19.0,14.0,22.0,334.0,266.0,68.0,2.0,10.0,219.0,90.0,129.0,2.0,2.03,12.11,-10.71,PIT,2020
13,Mon,December 7,5:00PM ET,boxscore,L,,11-1,,Washington Football Team,17.0,23.0,17.0,326.0,305.0,21.0,1.0,18.0,318.0,273.0,45.0,,-5.7,7.02,-3.99,PIT,2020
14,Sun,December 13,8:20PM ET,boxscore,L,,11-2,@,Buffalo Bills,15.0,26.0,14.0,224.0,177.0,47.0,2.0,21.0,334.0,230.0,104.0,2.0,-11.72,-3.18,0.16,PIT,2020
15,Mon,December 21,8:15PM ET,boxscore,L,,11-3,@,Cincinnati Bengals,17.0,27.0,12.0,244.0,158.0,86.0,3.0,13.0,230.0,78.0,152.0,,-17.2,3.71,4.31,PIT,2020
16,Sun,December 27,1:00PM ET,boxscore,W,,12-3,,Indianapolis Colts,28.0,24.0,26.0,354.0,332.0,22.0,,21.0,365.0,238.0,127.0,2.0,8.37,-0.99,-2.01,PIT,2020
17,Sun,January 3,1:00PM ET,boxscore,L,,12-4,@,Cleveland Browns,22.0,24.0,18.0,394.0,309.0,85.0,1.0,21.0,358.0,166.0,192.0,,7.05,-12.89,-0.33,PIT,2020
,,Playoffs,,,,,,,,,,,,,,,,,,,,,,,PIT,2020
Wild Card,Sun,January 10,8:15PM ET,boxscore,L,,12-5,,Cleveland Browns,37.0,48.0,34.0,553.0,501.0,52.0,5.0,20.0,390.0,263.0,127.0,,4.24,-14.03,-4.08,PIT,2020
1,Sun,September 13,1:00PM ET,boxscore,W,,1-0,,Cleveland Browns,38.0,6.0,23.0,381.0,270.0,111.0,1.0,20.0,306.0,168.0,138.0,3.0,16.62,8.32,8.64,BAL,2020
2,Sun,September 20,4:25PM ET,boxscore,W,,2-0,@,Houston Texans,33.0,16.0,23.0,407.0,177.0,230.0,,18.0,304.0,253.0,51.0,2.0,15.93,5.68,-3.2,BAL,2020
3,Mon,September 28,8:15PM ET,boxscore,L,,2-1,,Kansas City Chiefs,20.0,34.0,16.0,228.0,70.0,158.0,1.0,29.0,517.0,385.0,132.0,1.0,-4.74,-26.62,17.39,BAL,2020
4,Sun,October 4,1:00PM ET,boxscore,W,,3-1,@,Washington Football Team,31.0,17.0,18.0,350.0,206.0,144.0,2.0,24.0,343.0,274.0,69.0,1.0,8.74,-2.58,9.39,BAL,2020
5,Sun,October 11,1:00PM ET,boxscore,W,,4-1,,Cincinnati Bengals,27.0,3.0,17.0,332.0,171.0,161.0,1.0,12.0,205.0,135.0,70.0,3.0,2.28,28.69,-3.99,BAL,2020
6,Sun,October 18,1:00PM ET,boxscore,W,,5-1,@,Philadelphia Eagles,30.0,28.0,17.0,355.0,173.0,182.0,,19.0,364.0,170.0,194.0,1.0,-0.7,-1.83,9.68,BAL,2020
7,,,,,,,,,Bye Week,,,,,,,,,,,,,,,,BAL,2020
8,Sun,November 1,1:00PM ET,boxscore,L,,5-2,,Pittsburgh Steelers,24.0,28.0,25.0,457.0,192.0,265.0,4.0,19.0,221.0,173.0,48.0,1.0,3.94,-4.67,0.54,BAL,2020
9,Sun,November 8,1:00PM ET,boxscore,W,,6-2,@,Indianapolis Colts,24.0,10.0,19.0,266.0,156.0,110.0,1.0,20.0,339.0,227.0,112.0,2.0,-0.58,13.1,-1.45,BAL,2020
10,Sun,November 15,8:20PM ET,boxscore,L,,6-3,@,New England Patriots,17.0,23.0,19.0,357.0,242.0,115.0,1.0,25.0,308.0,135.0,173.0,,3.45,-13.95,1.86,BAL,2020
11,Sun,November 22,1:00PM ET,boxscore,L,OT,6-4,,Tennessee Titans,24.0,30.0,21.0,306.0,177.0,129.0,1.0,26.0,423.0,250.0,173.0,1.0,7.48,-13.91,-0.86,BAL,2020
12,Wed,December 2,3:40PM ET,boxscore,L,,6-5,@,Pittsburgh Steelers,14.0,19.0,10.0,219.0,90.0,129.0,2.0,22.0,334.0,266.0,68.0,2.0,-12.11,-2.03,10.71,BAL,2020
13,Tue,December 8,8:05PM ET,boxscore,W,,7-5,,Dallas Cowboys,34.0,17.0,19.0,401.0,107.0,294.0,1.0,29.0,388.0,277.0,111.0,1.0,19.5,-10.45,3.43,BAL,2020
14,Mon,December 14,8:15PM ET,boxscore,W,,8-5,@,Cleveland Browns,47.0,42.0,25.0,385.0,154.0,231.0,,33.0,493.0,355.0,138.0,1.0,24.92,-23.63,5.17,BAL,2020
15,Sun,December 20,1:00PM ET,boxscore,W,,9-5,,Jacksonville Jaguars,40.0,14.0,26.0,409.0,250.0,159.0,1.0,17.0,267.0,205.0,62.0,1.0,24.92,1.7,-0.13,BAL,2020
16,Sun,December 27,1:00PM ET,boxscore,W,,10-5,,New York Giants,27.0,13.0,25.0,432.0,183.0,249.0,1.0,24.0,269.0,215.0,54.0,,17.45,3.69,-5.16,BAL,2020
17,Sun,January 3,1:00PM ET,boxscore,W,,11-5,@,Cincinnati Bengals,38.0,3.0,24.0,525.0,121.0,404.0,1.0,10.0,195.0,48.0,147.0,2.0,24.61,14.61,-7.13,BAL,2020
,,Playoffs,,,,,,,,,,,,,,,,,,,,,,,BAL,2020
Wild Card,Sun,January 10,1:05PM ET,boxscore,W,,12-5,@,Tennessee Titans,20.0,13.0,22.0,401.0,165.0,236.0,1.0,12.0,209.0,158.0,51.0,1.0,10.95,2.51,-2.13,BAL,2020
Division,Sat,January 16,8:15PM ET,boxscore,L,,12-6,@,Buffalo Bills,3.0,17.0,19.0,340.0,190.0,150.0,1.0,17.0,220.0,188.0,32.0,,-14.36,3.68,-1.22,BAL,2020
1,Sun,September 13,4:05PM ET,boxscore,L,,0-1,,Los Angeles Chargers,13.0,16.0,19.0,295.0,173.0,122.0,2.0,19.0,362.0,207.0,155.0,,-8.27,2.07,3.54,CIN,2020
2,Thu,September 17,8:20PM ET,boxscore,L,,0-2,@,Cleveland Browns,30.0,35.0,30.0,353.0,285.0,68.0,1.0,23.0,434.0,219.0,215.0,1.0,11.19,-19.62,1.79,CIN,2020
3,Sun,September 27,1:00PM ET,boxscore,T,OT,0-2-1,@,Philadelphia Eagles,23.0,23.0,24.0,304.0,256.0,48.0,,27.0,378.0,206.0,172.0,2.0,-0.48,-1.65,1.44,CIN,2020
4,Sun,October 4,1:00PM ET,boxscore,W,,1-2-1,,Jacksonville Jaguars,33.0,25.0,28.0,505.0,300.0,205.0,1.0,25.0,429.0,340.0,89.0,1.0,19.25,-13.22,4.81,CIN,2020
5,Sun,October 11,1:00PM ET,boxscore,L,,1-3-1,@,Baltimore Ravens,3.0,27.0,12.0,205.0,135.0,70.0,3.0,17.0,332.0,171.0,161.0,1.0,-28.69,-2.28,3.99,CIN,2020
6,Sun,October 18,1:00PM ET,boxscore,L,,1-4-1,@,Indianapolis Colts,27.0,31.0,22.0,398.0,300.0,98.0,1.0,23.0,430.0,371.0,59.0,2.0,12.35,-16.0,-0.22,CIN,2020
7,Sun,October 25,1:00PM ET,boxscore,L,,1-5-1,,Cleveland Browns,34.0,37.0,31.0,468.0,387.0,81.0,2.0,23.0,398.0,316.0,82.0,1.0,22.02,-25.11,1.35,CIN,2020
8,Sun,November 1,1:00PM ET,boxscore,W,,2-5-1,,Tennessee Titans,31.0,20.0,27.0,367.0,249.0,118.0,,27.0,441.0,223.0,218.0,1.0,23.57,-19.91,5.56,CIN,2020
9,,,,,,,,,Bye Week,,,,,,,,,,,,,,,,CIN,2020
10,Sun,November 15,4:25PM ET,boxscore,L,,2-6-1,@,Pittsburgh Steelers,10.0,36.0,16.0,324.0,185.0,139.0,2.0,22.0,377.0,333.0,44.0,,-10.97,-7.92,0.05,CIN,2020
11,Sun,November 22,1:00PM ET,boxscore,L,,2-7-1,@,Washington Football Team,9.0,20.0,18.0,272.0,202.0,70.0,2.0,20.0,325.0,161.0,164.0,1.0,-11.45,0.93,0.86,CIN,2020
12,Sun,November 29,1:00PM ET,boxscore,L,,2-8-1,,New York Giants,17.0,19.0,11.0,155.0,115.0,40.0,3.0,19.0,386.0,244.0,142.0,1.0,-18.51,2.23,12.92,CIN,2020
13,Sun,December 6,1:00PM ET,boxscore,L,,2-9-1,@,Miami Dolphins,7.0,19.0,12.0,196.0,156.0,40.0,2.0,23.0,406.0,296.0,110.0,1.0,-7.2,-5.94,1.67,CIN,2020
14,Sun,December 13,1:00PM ET,boxscore,L,,2-10-1,,Dallas Cowboys,7.0,30.0,18.0,309.0,208.0,101.0,3.0,16.0,272.0,171.0,101.0,,-14.89,-8.06,-0.7,CIN,2020
15,Mon,December 21,8:15PM ET,boxscore,W,,3-10-1,,Pittsburgh Steelers,27.0,17.0,13.0,230.0,78.0,152.0,,12.0,244.0,158.0,86.0,3.0,-3.71,17.2,-4.31,CIN,2020
16,Sun,December 27,1:00PM ET,boxscore,W,,4-10-1,@,Houston Texans,37.0,31.0,27.0,540.0,371.0,169.0,,23.0,488.0,322.0,166.0,1.0,25.27,-20.31,-2.34,CIN,2020
17,Sun,January 3,1:00PM ET,boxscore,L,,4-11-1,,Baltimore Ravens,3.0,38.0,10.0,195.0,48.0,147.0,2.0,24.0,525.0,121.0,404.0,1.0,-14.61,-24.61,7.13,CIN,2020
1,Sun,September 13,1:00PM ET,boxscore,L,,0-1,@,Baltimore Ravens,6.0,38.0,20.0,306.0,168.0,138.0,3.0,23.0,381.0,270.0,111.0,1.0,-8.32,-16.62,-8.64,CLE,2020
2,Thu,September 17,8:20PM ET,boxscore,W,,1-1,,Cincinnati Bengals,35.0,30.0,23.0,434.0,219.0,215.0,1.0,30.0,353.0,285.0,68.0,1.0,19.62,-11.19,-1.79,CLE,2020
3,Sun,September 27,1:00PM ET,boxscore,W,,2-1,,Washington Football Team,34.0,20.0,19.0,300.0,142.0,158.0,,19.0,309.0,206.0,103.0,5.0,8.28,4.68,1.14,CLE,2020
4,Sun,October 4,1:00PM ET,boxscore,W,,3-1,@,Dallas Cowboys,49.0,38.0,33.0,508.0,201.0,307.0,,35.0,566.0,481.0,85.0,3.0,29.43,-19.85,1.81,CLE,2020
5,Sun,October 11,4:25PM ET,boxscore,W,,4-1,,Indianapolis Colts,32.0,23.0,22.0,385.0,261.0,124.0,2.0,15.0,308.0,240.0,68.0,2.0,9.88,2.46,-4.93,CLE,2020
6,Sun,October 18,1:00PM ET,boxscore,L,,4-2,@,Pittsburgh Steelers,7.0,38.0,12.0,220.0,145.0,75.0,2.0,18.0,277.0,148.0,129.0,,-22.96,-6.99,-0.58,CLE,2020
7,Sun,October 25,1:00PM ET,boxscore,W,,5-2,@,Cincinnati Bengals,37.0,34.0,23.0,398.0,316.0,82.0,1.0,31.0,468.0,387.0,81.0,2.0,25.11,-22.02,-1.35,CLE,2020
8,Sun,November 1,1:00PM ET,boxscore,L,,5-3,,Las Vegas Raiders,6.0,16.0,14.0,223.0,122.0,101.0,1.0,24.0,309.0,100.0,209.0,,-0.65,-13.68,2.42,CLE,2020
9,,,,,,,,,Bye Week,,,,,,,,,,,,,,,,CLE,2020
10,Sun,November 15,1:00PM ET,boxscore,W,,6-3,,Houston Texans,10.0,7.0,20.0,356.0,125.0,231.0,,16.0,243.0,153.0,90.0,,5.49,0.68,2.92,CLE,2020
11,Sun,November 22,1:00PM ET,boxscore,W,,7-3,,Philadelphia Eagles,22.0,17.0,17.0,324.0,187.0,137.0,1.0,19.0,315.0,209.0,106.0,3.0,-4.43,10.55,1.99,CLE,2020
12,Sun,November 29,1:00PM ET,boxscore,W,,8-3,@,Jacksonville Jaguars,27.0,25.0,25.0,459.0,252.0,207.0,1.0,22.0,375.0,235.0,140.0,,15.17,-11.93,-2.43,CLE,2020
13,Sun,December 6,1:00PM ET,boxscore,W,,9-3,@,Tennessee Titans,41.0,35.0,26.0,458.0,340.0,118.0,1.0,25.0,431.0,369.0,62.0,3.0,16.85,-9.59,1.78,CLE,2020
14,Mon,December 14,8:15PM ET,boxscore,L,,9-4,,Baltimore Ravens,42.0,47.0,33.0,493.0,355.0,138.0,1.0,25.0,385.0,154.0,231.0,,23.63,-24.92,-5.17,CLE,2020
15,Sun,December 20,8:20PM ET,boxscore,W,,10-4,@,New York Giants,20.0,6.0,24.0,392.0,286.0,106.0,,14.0,288.0,214.0,74.0,,16.29,-0.85,-1.67,CLE,2020
16,Sun,December 27,1:00PM ET,boxscore,L,,10-5,@,New York Jets,16.0,23.0,23.0,299.0,254.0,45.0,2.0,18.0,333.0,202.0,131.0,,-5.93,-0.77,4.45,CLE,2020
17,Sun,January 3,1:00PM ET,boxscore,W,,11-5,,Pittsburgh Steelers,24.0,22.0,21.0,358.0,166.0,192.0,,18.0,394.0,309.0,85.0,1.0,12.89,-7.05,0.33,CLE,2020
,,Playoffs,,,,,,,,,,,,,,,,,,,,,,,CLE,2020
Wild Card,Sun,January 10,8:15PM ET,boxscore,W,,12-5,@,Pittsburgh Steelers,48.0,37.0,20.0,390.0,263.0,127.0,,34.0,553.0,501.0,52.0,5.0,14.03,-4.24,4.08,CLE,2020
Division,Sun,January 17,3:05PM ET,boxscore,L,,12-6,@,Kansas City Chiefs,17.0,22.0,21.0,308.0,196.0,112.0,2.0,24.0,438.0,315.0,123.0,1.0,5.1,-19.09,8.48,CLE,2020
1,Sun,September 13,1:00PM ET,boxscore,W,,1-0,,Indianapolis Colts,27.0,20.0,17.0,241.0,150.0,91.0,,27.0,445.0,357.0,88.0,2.0,9.78,-9.78,7.99,JAX,2020
2,Sun,September 20,1:00PM ET,boxscore,L,,1-1,@,Tennessee Titans,30.0,33.0,30.0,480.0,315.0,165.0,2.0,23.0,354.0,231.0,123.0,,18.68,-21.12,-3.05,JAX,2020
3,Thu,September 24,8:20PM ET,boxscore,L,,1-2,,Miami Dolphins,13.0,31.0,22.0,318.0,246.0,72.0,2.0,23.0,294.0,156.0,138.0,,-5.61,-12.93,1.87,JAX,2020
4,Sun,October 4,1:00PM ET,boxscore,L,,1-3,@,Cincinnati Bengals,25.0,33.0,25.0,429.0,340.0,89.0,1.0,28.0,505.0,300.0,205.0,1.0,13.22,-19.25,-4.81,JAX,2020
5,Sun,October 11,1:00PM ET,boxscore,L,,1-4,@,Houston Texans,14.0,30.0,22.0,364.0,289.0,75.0,2.0,24.0,486.0,357.0,129.0,2.0,2.21,-18.24,-1.26,JAX,2020
6,Sun,October 18,1:00PM ET,boxscore,L,,1-5,,Detroit Lions,16.0,34.0,16.0,275.0,231.0,44.0,2.0,25.0,403.0,223.0,180.0,1.0,-3.97,-15.35,-1.46,JAX,2020
7,Sun,October 25,4:25PM ET,boxscore,L,,1-6,@,Los Angeles Chargers,29.0,39.0,15.0,294.0,154.0,140.0,1.0,29.0,484.0,349.0,135.0,,-2.3,-20.27,8.03,JAX,2020
8,,,,,,,,,Bye Week,,,,,,,,,,,,,,,,JAX,2020
9,Sun,November 8,1:00PM ET,boxscore,L,,1-7,,Houston Texans,25.0,27.0,22.0,403.0,288.0,115.0,1.0,19.0,374.0,267.0,107.0,1.0,7.61,-9.52,-1.03,JAX,2020
10,Sun,November 15,1:00PM ET,boxscore,L,,1-8,@,Green Bay Packers,20.0,24.0,16.0,260.0,151.0,109.0,1.0,16.0,395.0,315.0,80.0,2.0,-10.89,-1.82,8.95,JAX,2020
11,Sun,November 22,1:00PM ET,boxscore,L,,1-9,,Pittsburgh Steelers,3.0,27.0,14.0,206.0,133.0,73.0,4.0,23.0,373.0,267.0,106.0,1.0,-22.2,-11.97,5.91,JAX,2020
12,Sun,November 29,1:00PM ET,boxscore,L,,1-10,,Cleveland Browns,25.0,27.0,22.0,375.0,235.0,140.0,,25.0,459.0,252.0,207.0,1.0,11.93,-15.17,2.43,JAX,2020
13,Sun,December 6,1:00PM ET,boxscore,L,OT,1-11,@,Minnesota Vikings,24.0,27.0,20.0,390.0,266.0,124.0,4.0,30.0,420.0,275.0,145.0,2.0,-4.24,2.36,-3.19,JAX,2020
14,Sun,December 13,1:00PM ET,boxscore,L,,1-12,,Tennessee Titans,10.0,31.0,20.0,354.0,263.0,91.0,1.0,25.0,454.0,205.0,249.0,1.0,-3.0,-16.06,0.34,JAX,2020
15,Sun,December 20,1:00PM ET,boxscore,L,,1-13,@,Baltimore Ravens,14.0,40.0,17.0,267.0,205.0,62.0,1.0,26.0,409.0,250.0,159.0,1.0,-1.7,-24.92,0.13,JAX,2020
16,Sun,December 27,1:00PM ET,boxscore,L,,1-14,,Chicago Bears,17.0,41.0,14.0,279.0,203.0,76.0,2.0,28.0,391.0,263.0,128.0,1.0,-4.85,-20.23,2.73,JAX,2020
17,Sun,January 3,4:25PM ET,boxscore,L,,1-15,@,Indianapolis Colts,14.0,28.0,18.0,283.0,230.0,53.0,1.0,23.0,437.0,164.0,273.0,1.0,-10.79,-14.26,8.77,JAX,2020
1,Thu,September 10,8:20PM ET,boxscore,L,,0-1,@,Kansas City Chiefs,20.0,34.0,21.0,360.0,242.0,118.0,1.0,28.0,369.0,203.0,166.0,,8.16,-22.94,-1.59,HOU,2020
2,Sun,September 20,4:25PM ET,boxscore,L,,0-2,,Baltimore Ravens,16.0,33.0,18.0,304.0,253.0,51.0,2.0,23.0,407.0,177.0,230.0,,-5.68,-15.93,3.2,HOU,2020
3,Sun,September 27,1:00PM ET,boxscore,L,,0-3,@,Pittsburgh Steelers,21.0,28.0,13.0,260.0,231.0,29.0,1.0,25.0,387.0,218.0,169.0,,4.41,-15.39,2.08,HOU,2020
4,Sun,October 4,1:00PM ET,boxscore,L,,0-4,,Minnesota Vikings,23.0,31.0,20.0,386.0,290.0,96.0,1.0,24.0,410.0,248.0,162.0,,8.81,-17.07,1.44,HOU,2020
5,Sun,October 11,1:00PM ET,boxscore,W,,1-4,,Jacksonville Jaguars,30.0,14.0,24.0,486.0,357.0,129.0,2.0,22.0,364.0,289.0,75.0,2.0,18.24,-2.21,1.26,HOU,2020
6,Sun,October 18,1:00PM ET,boxscore,L,OT,1-5,@,Tennessee Titans,36.0,42.0,25.0,412.0,320.0,92.0,,31.0,607.0,344.0,263.0,2.0,22.14,-33.45,5.31,HOU,2020
7,Sun,October 25,1:00PM ET,boxscore,L,,1-6,,Green Bay Packers,20.0,35.0,20.0,365.0,286.0,79.0,1.0,22.0,379.0,283.0,96.0,,1.7,-20.19,4.25,HOU,2020
8,,,,,,,,,Bye Week,,,,,,,,,,,,,,,,HOU,2020
9,Sun,November 8,1:00PM ET,boxscore,W,,2-6,@,Jacksonville Jaguars,27.0,25.0,19.0,374.0,267.0,107.0,1.0,22.0,403.0,288.0,115.0,1.0,9.52,-7.61,1.03,HOU,2020
10,Sun,November 15,1:00PM ET,boxscore,L,,2-7,@,Cleveland Browns,7.0,10.0,16.0,243.0,153.0,90.0,,20.0,356.0,125.0,231.0,,-0.68,-5.49,-2.92,HOU,2020
11,Sun,November 22,1:00PM ET,boxscore,W,,3-7,,New England Patriots,27.0,20.0,21.0,399.0,344.0,55.0,,22.0,435.0,349.0,86.0,,15.69,-13.67,0.27,HOU,2020
12,Thu,November 26,12:30PM ET,boxscore,W,,4-7,@,Detroit Lions,41.0,25.0,21.0,384.0,307.0,77.0,1.0,28.0,388.0,279.0,109.0,3.0,11.31,3.34,-0.56,HOU,2020
13,Sun,December 6,1:00PM ET,boxscore,L,,4-8,,Indianapolis Colts,20.0,26.0,20.0,398.0,308.0,90.0,2.0,25.0,371.0,262.0,109.0,,5.59,-8.59,-1.28,HOU,2020
14,Sun,December 13,1:00PM ET,boxscore,L,,4-9,@,Chicago Bears,7.0,36.0,17.0,263.0,155.0,108.0,2.0,23.0,410.0,241.0,169.0,,-8.67,-16.71,-2.22,HOU,2020
15,Sun,December 20,1:00PM ET,boxscore,L,,4-10,@,Indianapolis Colts,20.0,27.0,22.0,425.0,342.0,83.0,2.0,20.0,350.0,223.0,127.0,,12.04,-16.23,-1.35,HOU,2020
16,Sun,December 27,1:00PM ET,boxscore,L,,4-11,,Cincinnati Bengals,31.0,37.0,23.0,488.0,322.0,166.0,1.0,27.0,540.0,371.0,169.0,,20.31,-25.27,2.34,HOU,2020
17,Sun,January 3,4:25PM ET,boxscore,L,,4-12,,Tennessee Titans,38.0,41.0,26.0,457.0,361.0,96.0,1.0,28.0,492.0,204.0,288.0,1.0,17.33,-25.43,4.17,HOU,2020
1,Sun,September 13,1:00PM ET,boxscore,L,,0-1,@,Jacksonville Jaguars,20.0,27.0,27.0,445.0,357.0,88.0,2.0,17.0,241.0,150.0,91.0,,9.78,-9.78,-7.99,IND,2020
2,Sun,September 20,1:00PM ET,boxscore,W,,1-1,,Minnesota Vikings,28.0,11.0,24.0,354.0,203.0,151.0,1.0,12.0,175.0,95.0,80.0,3.0,5.63,9.97,4.52,IND,2020
3,Sun,September 27,4:05PM ET,boxscore,W,,2-1,,New York Jets,36.0,7.0,21.0,353.0,234.0,119.0,,15.0,260.0,151.0,109.0,3.0,11.02,22.25,-0.99,IND,2020
4,Sun,October 4,1:00PM ET,boxscore,W,,3-1,@,Chicago Bears,19.0,11.0,18.0,289.0,186.0,103.0,,16.0,269.0,241.0,28.0,1.0,2.28,1.13,7.13,IND,2020
5,Sun,October 11,4:25PM ET,boxscore,L,,3-2,@,Cleveland Browns,23.0,32.0,15.0,308.0,240.0,68.0,2.0,22.0,385.0,261.0,124.0,2.0,-2.46,-9.88,4.93,IND,2020
6,Sun,October 18,1:00PM ET,boxscore,W,,4-2,,Cincinnati Bengals,31.0,27.0,23.0,430.0,371.0,59.0,2.0,22.0,398.0,300.0,98.0,1.0,16.0,-12.35,0.22,IND,2020
7,,,,,,,,,Bye Week,,,,,,,,,,,,,,,,IND,2020
8,Sun,November 1,1:00PM ET,boxscore,W,,5-2,@,Detroit Lions,41.0,21.0,26.0,366.0,247.0,119.0,,20.0,326.0,297.0,29.0,2.0,21.92,3.03,-6.52,IND,2020
9,Sun,November 8,1:00PM ET,boxscore,L,,5-3,,Baltimore Ravens,10.0,24.0,20.0,339.0,227.0,112.0,2.0,19.0,266.0,156.0,110.0,1.0,-13.1,0.58,1.45,IND,2020
10,Thu,November 12,8:20PM ET,boxscore,W,,6-3,@,Tennessee Titans,34.0,17.0,26.0,430.0,297.0,133.0,,25.0,294.0,137.0,157.0,,17.58,-9.37,6.81,IND,2020
11,Sun,November 22,4:25PM ET,boxscore,W,OT,7-3,,Green Bay Packers,34.0,31.0,23.0,420.0,280.0,140.0,2.0,21.0,367.0,301.0,66.0,4.0,4.31,-6.48,4.3,IND,2020
12,Sun,November 29,1:00PM ET,boxscore,L,,7-4,,Tennessee Titans,26.0,45.0,27.0,336.0,280.0,56.0,1.0,28.0,449.0,220.0,229.0,,6.68,-23.98,-6.58,IND,2020
13,Sun,December 6,1:00PM ET,boxscore,W,,8-4,@,Houston Texans,26.0,20.0,25.0,371.0,262.0,109.0,,20.0,398.0,308.0,90.0,2.0,8.59,-5.59,1.28,IND,2020
14,Sun,December 13,4:05PM ET,boxscore,W,,9-4,@,Las Vegas Raiders,44.0,27.0,25.0,456.0,244.0,212.0,,26.0,424.0,345.0,79.0,3.0,30.23,-9.54,-4.58,IND,2020
15,Sun,December 20,1:00PM ET,boxscore,W,,10-4,,Houston Texans,27.0,20.0,20.0,350.0,223.0,127.0,,22.0,425.0,342.0,83.0,2.0,16.23,-12.04,1.35,IND,2020
16,Sun,December 27,1:00PM ET,boxscore,L,,10-5,@,Pittsburgh Steelers,24.0,28.0,21.0,365.0,238.0,127.0,2.0,26.0,354.0,332.0,22.0,,0.99,-8.37,2.01,IND,2020
17,Sun,January 3,4:25PM ET,boxscore,W,,11-5,,Jacksonville Jaguars,28.0,14.0,23.0,437.0,164.0,273.0,1.0,18.0,283.0,230.0,53.0,1.0,14.26,10.79,-8.77,IND,2020
,,Playoffs,,,,,,,,,,,,,,,,,,,,,,,IND,2020
Wild Card,Sat,January 9,1:05PM ET,boxscore,L,,11-6,@,Buffalo Bills,24.0,27.0,27.0,472.0,309.0,163.0,,22.0,397.0,301.0,96.0,,18.47,-15.99,-4.83,IND,2020
1,Mon,September 14,10:10PM ET,boxscore,W,,1-0,@,Denver Broncos,16.0,14.0,26.0,377.0,247.0,130.0,,19.0,323.0,216.0,107.0,1.0,12.3,-3.03,-11.9,TEN,2020
2,Sun,September 20,1:00PM ET,boxscore,W,,2-0,,Jacksonville Jaguars,33.0,30.0,23.0,354.0,231.0,123.0,,30.0,480.0,315.0,165.0,2.0,21.12,-18.68,3.05,TEN,2020
3,Sun,September 27,1:00PM ET,boxscore,W,,3-0,@,Minnesota Vikings,31.0,30.0,23.0,444.0,310.0,134.0,1.0,22.0,464.0,238.0,226.0,3.0,3.79,-10.21,7.95,TEN,2020
4,,,,,,,,,Bye Week,,,,,,,,,,,,,,,,TEN,2020
5,Tue,October 13,7:00PM ET,boxscore,W,,4-0,,Buffalo Bills,42.0,16.0,25.0,334.0,195.0,139.0,,23.0,370.0,275.0,95.0,3.0,24.29,-1.55,0.82,TEN,2020
6,Sun,October 18,1:00PM ET,boxscore,W,OT,5-0,,Houston Texans,42.0,36.0,31.0,607.0,344.0,263.0,2.0,25.0,412.0,320.0,92.0,,33.45,-22.14,-5.31,TEN,2020
7,Sun,October 25,1:00PM ET,boxscore,L,,5-1,,Pittsburgh Steelers,24.0,27.0,15.0,292.0,210.0,82.0,,23.0,362.0,268.0,94.0,3.0,6.99,-6.7,-3.88,TEN,2020
8,Sun,November 1,1:00PM ET,boxscore,L,,5-2,@,Cincinnati Bengals,20.0,31.0,27.0,441.0,223.0,218.0,1.0,27.0,367.0,249.0,118.0,,19.91,-23.57,-5.56,TEN,2020
9,Sun,November 8,1:00PM ET,boxscore,W,,6-2,,Chicago Bears,24.0,17.0,11.0,228.0,136.0,92.0,,22.0,375.0,319.0,56.0,2.0,-3.34,12.79,-1.5,TEN,2020
10,Thu,November 12,8:20PM ET,boxscore,L,,6-3,,Indianapolis Colts,17.0,34.0,25.0,294.0,137.0,157.0,,26.0,430.0,297.0,133.0,,9.37,-17.58,-6.81,TEN,2020
11,Sun,November 22,1:00PM ET,boxscore,W,OT,7-3,@,Baltimore Ravens,30.0,24.0,26.0,423.0,250.0,173.0,1.0,21.0,306.0,177.0,129.0,1.0,13.91,-7.48,0.86,TEN,2020
12,Sun,November 29,1:00PM ET,boxscore,W,,8-3,@,Indianapolis Colts,45.0,26.0,28.0,449.0,220.0,229.0,,27.0,336.0,280.0,56.0,1.0,23.98,-6.68,6.58,TEN,2020
13,Sun,December 6,1:00PM ET,boxscore,L,,8-4,,Cleveland Browns,35.0,41.0,25.0,431.0,369.0,62.0,3.0,26.0,458.0,340.0,118.0,1.0,9.59,-16.85,-1.78,TEN,2020
14,Sun,December 13,1:00PM ET,boxscore,W,,9-4,@,Jacksonville Jaguars,31.0,10.0,25.0,454.0,205.0,249.0,1.0,20.0,354.0,263.0,91.0,1.0,16.06,3.0,-0.34,TEN,2020
15,Sun,December 20,1:00PM ET,boxscore,W,,10-4,,Detroit Lions,46.0,25.0,28.0,463.0,268.0,195.0,,27.0,430.0,307.0,123.0,3.0,33.75,-12.36,-2.3,TEN,2020
16,Sun,December 27,8:20PM ET,boxscore,L,,10-5,@,Green Bay Packers,14.0,40.0,15.0,260.0,104.0,156.0,2.0,27.0,448.0,214.0,234.0,1.0,-3.08,-25.88,4.92,TEN,2020
17,Sun,January 3,4:25PM ET,boxscore,W,,11-5,@,Houston Texans,41.0,38.0,28.0,492.0,204.0,288.0,1.0,26.0,457.0,361.0,96.0,1.0,25.43,-17.33,-4.17,TEN,2020
,,Playoffs,,,,,,,,,,,,,,,,,,,,,,,TEN,2020
Wild Card,Sun,January 10,1:05PM ET,boxscore,L,,11-6,,Baltimore Ravens,13.0,20.0,12.0,209.0,158.0,51.0,1.0,22.0,401.0,165.0,236.0,1.0,-2.51,-10.95,2.13,TEN,2020
1,Mon,September 14,10:10PM ET,boxscore,L,,0-1,,Tennessee Titans,14.0,16.0,19.0,323.0,216.0,107.0,1.0,26.0,377.0,247.0,130.0,,3.03,-12.3,11.9,DEN,2020
2,Sun,September 20,1:00PM ET,boxscore,L,,0-2,@,Pittsburgh Steelers,21.0,26.0,23.0,319.0,215.0,104.0,2.0,19.0,410.0,301.0,109.0,2.0,-6.02,0.36,-3.9,DEN,2020
3,Sun,September 27,4:25PM ET,boxscore,L,,0-3,,Tampa Bay Buccaneers,10.0,28.0,13.0,226.0,184.0,42.0,2.0,17.0,353.0,285.0,68.0,,-10.72,-7.71,-0.99,DEN,2020
4,Thu,October 1,8:20PM ET,boxscore,W,,1-3,@,New York Jets,37.0,28.0,21.0,359.0,242.0,117.0,3.0,18.0,321.0,192.0,129.0,,7.81,6.47,-0.72,DEN,2020
5,,,,,,,,,Bye Week,,,,,,,,,,,,,,,,DEN,2020
6,Sun,October 18,1:00PM ET,boxscore,W,,2-3,@,New England Patriots,18.0,12.0,15.0,299.0,164.0,135.0,2.0,14.0,288.0,171.0,117.0,3.0,-6.67,13.3,-1.59,DEN,2020
7,Sun,October 25,4:25PM ET,boxscore,L,,2-4,,Kansas City Chiefs,16.0,43.0,24.0,411.0,234.0,177.0,4.0,17.0,286.0,185.0,101.0,1.0,-15.83,-3.75,-6.31,DEN,2020
8,Sun,November 1,4:05PM ET,boxscore,W,,3-4,,Los Angeles Chargers,31.0,30.0,17.0,351.0,243.0,108.0,1.0,28.0,485.0,275.0,210.0,2.0,8.64,-9.03,1.18,DEN,2020
9,Sun,November 8,1:00PM ET,boxscore,L,,3-5,@,Atlanta Falcons,27.0,34.0,23.0,405.0,302.0,103.0,1.0,23.0,363.0,271.0,92.0,1.0,4.44,-14.27,-0.15,DEN,2020
10,Sun,November 15,4:05PM ET,boxscore,L,,3-6,@,Las Vegas Raiders,12.0,37.0,20.0,313.0,247.0,66.0,5.0,21.0,357.0,154.0,203.0,,-17.38,-10.76,3.35,DEN,2020
11,Sun,November 22,4:05PM ET,boxscore,W,,4-6,,Miami Dolphins,20.0,13.0,19.0,459.0,270.0,189.0,2.0,17.0,223.0,167.0,56.0,1.0,9.2,6.76,-4.92,DEN,2020
12,Sun,November 29,4:05PM ET,boxscore,L,,4-7,,New Orleans Saints,3.0,31.0,6.0,112.0,12.0,100.0,3.0,19.0,292.0,63.0,229.0,1.0,-26.81,-4.99,4.76,DEN,2020
13,Sun,December 6,8:20PM ET,boxscore,L,,4-8,@,Kansas City Chiefs,16.0,22.0,19.0,330.0,151.0,179.0,2.0,25.0,447.0,313.0,134.0,,6.11,-14.55,-0.21,DEN,2020
14,Sun,December 13,1:00PM ET,boxscore,W,,5-8,@,Carolina Panthers,32.0,27.0,23.0,365.0,269.0,96.0,1.0,22.0,370.0,245.0,125.0,,8.51,-7.47,5.3,DEN,2020
15,Sat,December 19,4:30PM ET,boxscore,L,,5-9,,Buffalo Bills,19.0,48.0,19.0,255.0,115.0,140.0,1.0,29.0,534.0,352.0,182.0,1.0,-3.55,-28.8,0.71,DEN,2020
16,Sun,December 27,4:05PM ET,boxscore,L,,5-10,@,Los Angeles Chargers,16.0,19.0,23.0,396.0,263.0,133.0,2.0,16.0,316.0,227.0,89.0,,4.25,-1.63,-4.44,DEN,2020
17,Sun,January 3,4:25PM ET,boxscore,L,,5-11,,Las Vegas Raiders,31.0,32.0,24.0,446.0,324.0,122.0,,22.0,465.0,359.0,106.0,4.0,13.17,-4.45,-8.91,DEN,2020
1,Sun,September 13,4:05PM ET,boxscore,W,,1-0,@,Cincinnati Bengals,16.0,13.0,19.0,362.0,207.0,155.0,,19.0,295.0,173.0,122.0,2.0,-2.07,8.27,-3.54,LAC,2020
2,Sun,September 20,4:25PM ET,boxscore,L,OT,1-1,,Kansas City Chiefs,20.0,23.0,28.0,479.0,296.0,183.0,1.0,23.0,414.0,289.0,125.0,,13.33,-10.92,-3.8,LAC,2020
3,Sun,September 27,4:05PM ET,boxscore,L,,1-2,,Carolina Panthers,16.0,21.0,26.0,436.0,319.0,117.0,4.0,14.0,302.0,221.0,81.0,,-5.44,-1.18,0.62,LAC,2020
4,Sun,October 4,1:00PM ET,boxscore,L,,1-3,@,Tampa Bay Buccaneers,31.0,38.0,15.0,324.0,278.0,46.0,2.0,28.0,484.0,369.0,115.0,1.0,5.88,-12.95,-0.2,LAC,2020
5,Mon,October 12,8:15PM ET,boxscore,L,OT,1-4,@,New Orleans Saints,27.0,30.0,19.0,350.0,239.0,111.0,,23.0,408.0,313.0,95.0,1.0,6.8,-3.09,-7.44,LAC,2020
6,,,,,,,,,Bye Week,,,,,,,,,,,,,,,,LAC,2020
7,Sun,October 25,4:25PM ET,boxscore,W,,2-4,,Jacksonville Jaguars,39.0,29.0,29.0,484.0,349.0,135.0,,15.0,294.0,154.0,140.0,1.0,20.27,2.3,-8.03,LAC,2020
8,Sun,November 1,4:05PM ET,boxscore,L,,2-5,@,Denver Broncos,30.0,31.0,28.0,485.0,275.0,210.0,2.0,17.0,351.0,243.0,108.0,1.0,9.03,-8.64,-1.18,LAC,2020
9,Sun,November 8,4:05PM ET,boxscore,L,,2-6,,Las Vegas Raiders,26.0,31.0,26.0,440.0,312.0,128.0,1.0,16.0,320.0,160.0,160.0,1.0,17.58,-11.13,-10.69,LAC,2020
10,Sun,November 15,4:05PM ET,boxscore,L,,2-7,@,Miami Dolphins,21.0,29.0,19.0,273.0,174.0,99.0,1.0,17.0,280.0,169.0,111.0,1.0,-1.88,7.96,-14.67,LAC,2020
11,Sun,November 22,4:05PM ET,boxscore,W,,3-7,,New York Jets,34.0,28.0,28.0,376.0,347.0,29.0,1.0,20.0,292.0,196.0,96.0,1.0,16.66,-7.52,-3.42,LAC,2020
12,Sun,November 29,1:00PM ET,boxscore,L,,3-8,@,Buffalo Bills,17.0,27.0,24.0,367.0,291.0,76.0,1.0,23.0,332.0,160.0,172.0,3.0,4.93,-5.65,-4.65,LAC,2020
13,Sun,December 6,4:25PM ET,boxscore,L,,3-9,,New England Patriots,0.0,45.0,17.0,258.0,188.0,70.0,2.0,22.0,291.0,126.0,165.0,,-16.13,-9.66,-22.19,LAC,2020
14,Sun,December 13,4:25PM ET,boxscore,W,,4-9,,Atlanta Falcons,20.0,17.0,23.0,345.0,240.0,105.0,1.0,19.0,319.0,249.0,70.0,3.0,10.14,-5.82,-1.54,LAC,2020
15,Thu,December 17,8:20PM ET,boxscore,W,OT,5-9,@,Las Vegas Raiders,30.0,27.0,27.0,402.0,306.0,96.0,,27.0,449.0,276.0,173.0,1.0,23.38,-16.83,-4.42,LAC,2020
16,Sun,December 27,4:05PM ET,boxscore,W,,6-9,,Denver Broncos,19.0,16.0,16.0,316.0,227.0,89.0,,23.0,396.0,263.0,133.0,2.0,1.63,-4.25,4.44,LAC,2020
17,Sun,January 3,4:25PM ET,boxscore,W,,7-9,@,Kansas City Chiefs,38.0,21.0,29.0,416.0,281.0,135.0,,18.0,268.0,217.0,51.0,1.0,25.49,-10.71,3.07,LAC,2020
1,Thu,September 10,8:20PM ET,boxscore,W,,1-0,,Houston Texans,34.0,20.0,28.0,369.0,203.0,166.0,,21.0,360.0,242.0,118.0,1.0,22.94,-8.16,1.59,KAN,2020
2,Sun,September 20,4:25PM ET,boxscore,W,OT,2-0,@,Los Angeles Chargers,23.0,20.0,23.0,414.0,289.0,125.0,,28.0,479.0,296.0,183.0,1.0,10.92,-13.33,3.8,KAN,2020
3,Mon,September 28,8:15PM ET,boxscore,W,,3-0,@,Baltimore Ravens,34.0,20.0,29.0,517.0,385.0,132.0,1.0,16.0,228.0,70.0,158.0,1.0,26.62,4.74,-17.39,KAN,2020
4,Mon,October 5,7:05PM ET,boxscore,W,,4-0,,New England Patriots,26.0,10.0,19.0,323.0,229.0,94.0,1.0,21.0,357.0,172.0,185.0,4.0,5.72,10.82,-3.78,KAN,2020
5,Sun,October 11,1:00PM ET,boxscore,L,,4-1,,Las Vegas Raiders,32.0,40.0,21.0,413.0,333.0,80.0,1.0,22.0,490.0,346.0,144.0,1.0,10.45,-22.81,0.4,KAN,2020
6,Mon,October 19,5:00PM ET,boxscore,W,,5-1,@,Buffalo Bills,26.0,17.0,27.0,466.0,221.0,245.0,1.0,20.0,206.0,122.0,84.0,1.0,21.56,-4.19,-8.48,KAN,2020
7,Sun,October 25,4:25PM ET,boxscore,W,,6-1,@,Denver Broncos,43.0,16.0,17.0,286.0,185.0,101.0,1.0,24.0,411.0,234.0,177.0,4.0,3.75,15.83,6.31,KAN,2020
8,Sun,November 1,1:00PM ET,boxscore,W,,7-1,,New York Jets,35.0,9.0,25.0,496.0,446.0,50.0,,13.0,221.0,128.0,93.0,1.0,21.48,8.29,-6.95,KAN,2020
9,Sun,November 8,1:00PM ET,boxscore,W,,8-1,,Carolina Panthers,33.0,31.0,24.0,397.0,361.0,36.0,1.0,30.0,435.0,331.0,104.0,,20.48,-19.28,-1.85,KAN,2020
10,,,,,,,,,Bye Week,,,,,,,,,,,,,,,,KAN,2020
11,Sun,November 22,8:20PM ET,boxscore,W,,9-1,@,Las Vegas Raiders,35.0,31.0,36.0,460.0,352.0,108.0,1.0,25.0,364.0,275.0,89.0,1.0,28.52,-19.95,-2.56,KAN,2020
12,Sun,November 29,4:25PM ET,boxscore,W,,10-1,@,Tampa Bay Buccaneers,27.0,24.0,26.0,543.0,456.0,87.0,1.0,20.0,417.0,342.0,75.0,2.0,20.42,-12.72,-2.46,KAN,2020
13,Sun,December 6,8:20PM ET,boxscore,W,,11-1,,Denver Broncos,22.0,16.0,25.0,447.0,313.0,134.0,,19.0,330.0,151.0,179.0,2.0,14.55,-6.11,0.21,KAN,2020
14,Sun,December 13,1:00PM ET,boxscore,W,,12-1,@,Miami Dolphins,33.0,27.0,22.0,448.0,354.0,94.0,4.0,27.0,367.0,287.0,80.0,1.0,3.61,-10.4,14.14,KAN,2020
15,Sun,December 20,4:25PM ET,boxscore,W,,13-1,@,New Orleans Saints,32.0,29.0,34.0,411.0,232.0,179.0,1.0,15.0,285.0,225.0,60.0,1.0,12.26,-0.3,-8.71,KAN,2020
16,Sun,December 27,1:00PM ET,boxscore,W,,14-1,,Atlanta Falcons,17.0,14.0,23.0,395.0,278.0,117.0,2.0,23.0,367.0,277.0,90.0,1.0,5.3,-5.95,3.91,KAN,2020
17,Sun,January 3,4:25PM ET,boxscore,L,,14-2,,Los Angeles Chargers,21.0,38.0,18.0,268.0,217.0,51.0,1.0,29.0,416.0,281.0,135.0,,10.71,-25.49,-3.07,KAN,2020
,,Playoffs,,,,,,,,,,,,,,,,,,,,,,,KAN,2020
Division,Sun,January 17,3:05PM ET,boxscore,W,,15-2,,Cleveland Browns,22.0,17.0,24.0,438.0,315.0,123.0,1.0,21.0,308.0,196.0,112.0,2.0,19.09,-5.1,-8.48,KAN,2020
Conf. Champ.,Sun,January 24,6:40PM ET,boxscore,W,,16-2,,Buffalo Bills,38.0,24.0,29.0,439.0,325.0,114.0,1.0,24.0,363.0,234.0,129.0,1.0,30.34,-3.03,-9.61,KAN,2020
SuperBowl,Sun,February 7,6:30PM ET,boxscore,L,,16-3,N,Tampa Bay Buccaneers,9.0,31.0,22.0,350.0,243.0,107.0,2.0,26.0,340.0,195.0,145.0,,-7.9,-10.75,-1.18,KAN,2020
1,Sun,September 13,1:00PM ET,boxscore,W,,1-0,@,Carolina Panthers,34.0,30.0,23.0,372.0,239.0,133.0,,22.0,388.0,259.0,129.0,,19.49,-16.44,-0.04,LVR,2020
2,Mon,September 21,8:15PM ET,boxscore,W,,2-0,,New Orleans Saints,34.0,24.0,28.0,377.0,261.0,116.0,1.0,26.0,424.0,312.0,112.0,1.0,22.48,-13.97,-0.31,LVR,2020
3,Sun,September 27,1:00PM ET,boxscore,L,,2-1,@,New England Patriots,20.0,36.0,22.0,375.0,249.0,126.0,3.0,25.0,406.0,156.0,250.0,1.0,0.71,-11.03,-5.81,LVR,2020
4,Sun,October 4,4:25PM ET,boxscore,L,,2-2,,Buffalo Bills,23.0,30.0,24.0,383.0,297.0,86.0,2.0,21.0,337.0,274.0,63.0,,7.2,-16.49,1.37,LVR,2020
5,Sun,October 11,1:00PM ET,boxscore,W,,3-2,@,Kansas City Chiefs,40.0,32.0,22.0,490.0,346.0,144.0,1.0,21.0,413.0,333.0,80.0,1.0,22.81,-10.45,-0.4,LVR,2020
6,,,,,,,,,Bye Week,,,,,,,,,,,,,,,,LVR,2020
7,Sun,October 25,4:05PM ET,boxscore,L,,3-3,,Tampa Bay Buccaneers,20.0,45.0,19.0,347.0,271.0,76.0,1.0,29.0,454.0,369.0,85.0,,1.69,-30.56,4.89,LVR,2020
8,Sun,November 1,1:00PM ET,boxscore,W,,4-3,@,Cleveland Browns,16.0,6.0,24.0,309.0,100.0,209.0,,14.0,223.0,122.0,101.0,1.0,13.68,0.65,-2.42,LVR,2020
9,Sun,November 8,4:05PM ET,boxscore,W,,5-3,@,Los Angeles Chargers,31.0,26.0,16.0,320.0,160.0,160.0,1.0,26.0,440.0,312.0,128.0,1.0,11.13,-17.58,10.69,LVR,2020
10,Sun,November 15,4:05PM ET,boxscore,W,,6-3,,Denver Broncos,37.0,12.0,21.0,357.0,154.0,203.0,,20.0,313.0,247.0,66.0,5.0,10.76,17.38,-3.35,LVR,2020
11,Sun,November 22,8:20PM ET,boxscore,L,,6-4,,Kansas City Chiefs,31.0,35.0,25.0,364.0,275.0,89.0,1.0,36.0,460.0,352.0,108.0,1.0,19.95,-28.52,2.56,LVR,2020
12,Sun,November 29,1:00PM ET,boxscore,L,,6-5,@,Atlanta Falcons,6.0,43.0,13.0,243.0,203.0,40.0,5.0,23.0,304.0,179.0,125.0,1.0,-34.18,-3.82,4.76,LVR,2020
13,Sun,December 6,1:00PM ET,boxscore,W,,7-5,@,New York Jets,31.0,28.0,24.0,440.0,368.0,72.0,2.0,24.0,376.0,170.0,206.0,3.0,9.86,-7.59,-0.37,LVR,2020
14,Sun,December 13,4:05PM ET,boxscore,L,,7-6,,Indianapolis Colts,27.0,44.0,26.0,424.0,345.0,79.0,3.0,25.0,456.0,244.0,212.0,,9.54,-30.23,4.58,LVR,2020
15,Thu,December 17,8:20PM ET,boxscore,L,OT,7-7,,Los Angeles Chargers,27.0,30.0,27.0,449.0,276.0,173.0,1.0,27.0,402.0,306.0,96.0,,16.83,-23.38,4.42,LVR,2020
16,Sat,December 26,8:15PM ET,boxscore,L,,7-8,,Miami Dolphins,25.0,26.0,23.0,418.0,314.0,104.0,1.0,18.0,383.0,253.0,130.0,,11.22,-6.02,-3.21,LVR,2020
17,Sun,January 3,4:25PM ET,boxscore,W,,8-8,@,Denver Broncos,32.0,31.0,22.0,465.0,359.0,106.0,4.0,24.0,446.0,324.0,122.0,,4.45,-13.17,8.91,LVR,2020
1,Sun,September 13,1:00PM ET,boxscore,L,,0-1,@,Washington Football Team,17.0,27.0,19.0,265.0,208.0,57.0,3.0,18.0,239.0,159.0,80.0,,-16.45,6.28,1.28,PHI,2020
2,Sun,September 20,1:00PM ET,boxscore,L,,0-2,,Los Angeles Rams,19.0,37.0,25.0,363.0,242.0,121.0,3.0,30.0,449.0,258.0,191.0,1.0,-0.85,-27.57,8.25,PHI,2020
3,Sun,September 27,1:00PM ET,boxscore,T,OT,0-2-1,,Cincinnati Bengals,23.0,23.0,27.0,378.0,206.0,172.0,2.0,24.0,304.0,256.0,48.0,,1.65,0.48,-1.44,PHI,2020
4,Sun,October 4,8:20PM ET,boxscore,W,,1-2-1,@,San Francisco 49ers,25.0,20.0,18.0,267.0,174.0,93.0,1.0,25.0,417.0,301.0,116.0,3.0,0.66,-0.02,3.75,PHI,2020
5,Sun,October 11,1:00PM ET,boxscore,L,,1-3-1,@,Pittsburgh Steelers,29.0,38.0,20.0,336.0,242.0,94.0,2.0,25.0,367.0,231.0,136.0,1.0,14.47,-20.16,-3.43,PHI,2020
6,Sun,October 18,1:00PM ET,boxscore,L,,1-4-1,,Baltimore Ravens,28.0,30.0,19.0,364.0,170.0,194.0,1.0,17.0,355.0,173.0,182.0,,1.83,0.7,-9.68,PHI,2020
7,Thu,October 22,8:20PM ET,boxscore,W,,2-4-1,,New York Giants,22.0,21.0,27.0,442.0,346.0,96.0,1.0,17.0,325.0,165.0,160.0,3.0,2.8,1.65,-1.27,PHI,2020
8,Sun,November 1,8:20PM ET,boxscore,W,,3-4-1,,Dallas Cowboys,23.0,9.0,18.0,222.0,103.0,119.0,4.0,21.0,265.0,132.0,133.0,2.0,-11.99,21.74,-1.73,PHI,2020
9,,,,,,,,,Bye Week,,,,,,,,,,,,,,,,PHI,2020
10,Sun,November 15,1:00PM ET,boxscore,L,,3-5-1,@,New York Giants,17.0,27.0,22.0,346.0,190.0,156.0,,22.0,382.0,231.0,151.0,,2.7,-14.42,-4.88,PHI,2020
11,Sun,November 22,1:00PM ET,boxscore,L,,3-6-1,@,Cleveland Browns,17.0,22.0,19.0,315.0,209.0,106.0,3.0,17.0,324.0,187.0,137.0,1.0,-10.55,4.43,-1.99,PHI,2020
12,Mon,November 30,8:15PM ET,boxscore,L,,3-7-1,,Seattle Seahawks,17.0,23.0,18.0,250.0,180.0,70.0,1.0,20.0,301.0,225.0,76.0,,-6.08,-0.57,-1.79,PHI,2020
13,Sun,December 6,4:25PM ET,boxscore,L,,3-8-1,@,Green Bay Packers,16.0,30.0,17.0,278.0,161.0,117.0,1.0,20.0,437.0,288.0,149.0,,-2.33,-19.58,8.04,PHI,2020
14,Sun,December 13,4:25PM ET,boxscore,W,,4-8-1,,New Orleans Saints,24.0,21.0,21.0,413.0,167.0,246.0,1.0,20.0,358.0,262.0,96.0,2.0,6.77,-4.23,1.33,PHI,2020
15,Sun,December 20,4:05PM ET,boxscore,L,,4-9-1,@,Arizona Cardinals,26.0,33.0,26.0,422.0,305.0,117.0,,26.0,526.0,423.0,103.0,3.0,10.01,-4.72,-12.58,PHI,2020
16,Sun,December 27,4:25PM ET,boxscore,L,,4-10-1,@,Dallas Cowboys,17.0,37.0,24.0,477.0,326.0,151.0,3.0,22.0,513.0,362.0,151.0,1.0,5.42,-23.4,0.38,PHI,2020
17,Sun,January 3,8:20PM ET,boxscore,L,,4-11-1,,Washington Football Team,14.0,20.0,16.0,216.0,98.0,118.0,3.0,16.0,248.0,145.0,103.0,2.0,-11.71,8.33,-3.56,PHI,2020
1,Sun,September 13,8:20PM ET,boxscore,L,,0-1,@,Los Angeles Rams,17.0,20.0,24.0,380.0,244.0,136.0,,23.0,422.0,269.0,153.0,1.0,3.18,-12.62,1.54,DAL,2020
2,Sun,September 20,1:00PM ET,boxscore,W,,1-1,,Atlanta Falcons,40.0,39.0,33.0,570.0,445.0,125.0,3.0,22.0,380.0,267.0,113.0,,17.31,-13.66,-1.38,DAL,2020
3,Sun,September 27,4:25PM ET,boxscore,L,,1-2,@,Seattle Seahawks,31.0,38.0,27.0,522.0,461.0,61.0,3.0,23.0,412.0,295.0,117.0,1.0,9.84,-11.85,-4.6,DAL,2020
4,Sun,October 4,1:00PM ET,boxscore,L,,1-3,,Cleveland Browns,38.0,49.0,35.0,566.0,481.0,85.0,3.0,33.0,508.0,201.0,307.0,,19.85,-29.43,-1.81,DAL,2020
5,Sun,October 11,4:25PM ET,boxscore,W,,2-3,,New York Giants,37.0,34.0,28.0,402.0,276.0,126.0,2.0,20.0,300.0,211.0,89.0,1.0,11.9,0.61,-7.75,DAL,2020
6,Mon,October 19,8:15PM ET,boxscore,L,,2-4,,Arizona Cardinals,10.0,38.0,27.0,344.0,247.0,97.0,4.0,22.0,438.0,177.0,261.0,,-3.91,-23.56,0.53,DAL,2020
7,Sun,October 25,1:00PM ET,boxscore,L,,2-5,@,Washington Football Team,3.0,25.0,12.0,142.0,59.0,83.0,1.0,21.0,397.0,189.0,208.0,,-14.88,-15.64,10.05,DAL,2020
8,Sun,November 1,8:20PM ET,boxscore,L,,2-6,@,Philadelphia Eagles,9.0,23.0,21.0,265.0,132.0,133.0,2.0,18.0,222.0,103.0,119.0,4.0,-21.74,11.99,1.73,DAL,2020
9,Sun,November 8,4:25PM ET,boxscore,L,,2-7,,Pittsburgh Steelers,19.0,24.0,19.0,364.0,220.0,144.0,2.0,20.0,355.0,309.0,46.0,,-3.09,-4.51,5.6,DAL,2020
10,,,,,,,,,Bye Week,,,,,,,,,,,,,,,,DAL,2020
11,Sun,November 22,4:25PM ET,boxscore,W,,3-7,@,Minnesota Vikings,31.0,28.0,24.0,376.0,196.0,180.0,1.0,24.0,430.0,305.0,125.0,2.0,15.61,-9.0,-2.73,DAL,2020
12,Thu,November 26,4:30PM ET,boxscore,L,,3-8,,Washington Football Team,16.0,41.0,13.0,247.0,187.0,60.0,2.0,22.0,338.0,156.0,182.0,1.0,-17.92,-8.38,-1.4,DAL,2020
13,Tue,December 8,8:05PM ET,boxscore,L,,3-9,@,Baltimore Ravens,17.0,34.0,29.0,388.0,277.0,111.0,1.0,19.0,401.0,107.0,294.0,1.0,10.45,-19.5,-3.43,DAL,2020
14,Sun,December 13,1:00PM ET,boxscore,W,,4-9,@,Cincinnati Bengals,30.0,7.0,16.0,272.0,171.0,101.0,,18.0,309.0,208.0,101.0,3.0,8.06,14.89,0.7,DAL,2020
15,Sun,December 20,1:00PM ET,boxscore,W,,5-9,,San Francisco 49ers,41.0,33.0,15.0,291.0,204.0,87.0,,28.0,458.0,308.0,150.0,4.0,4.47,-11.28,12.91,DAL,2020
16,Sun,December 27,4:25PM ET,boxscore,W,,6-9,,Philadelphia Eagles,37.0,17.0,22.0,513.0,362.0,151.0,1.0,24.0,477.0,326.0,151.0,3.0,23.4,-5.42,-0.38,DAL,2020
17,Sun,January 3,1:00PM ET,boxscore,L,,6-10,@,New York Giants,19.0,23.0,26.0,307.0,199.0,108.0,1.0,22.0,336.0,211.0,125.0,2.0,-3.56,-4.34,4.88,DAL,2020
1,Sun,September 13,1:00PM ET,boxscore,W,,1-0,,Philadelphia Eagles,27.0,17.0,18.0,239.0,159.0,80.0,,19.0,265.0,208.0,57.0,3.0,-6.28,16.45,-1.28,WAS,2020
2,Sun,September 20,4:05PM ET,boxscore,L,,1-1,@,Arizona Cardinals,15.0,30.0,19.0,316.0,199.0,117.0,2.0,22.0,438.0,278.0,160.0,1.0,-0.18,-8.92,-6.91,WAS,2020
3,Sun,September 27,1:00PM ET,boxscore,L,,1-2,@,Cleveland Browns,20.0,34.0,19.0,309.0,206.0,103.0,5.0,19.0,300.0,142.0,158.0,,-4.68,-8.28,-1.14,WAS,2020
4,Sun,October 4,1:00PM ET,boxscore,L,,1-3,,Baltimore Ravens,17.0,31.0,24.0,343.0,274.0,69.0,1.0,18.0,350.0,206.0,144.0,2.0,2.58,-8.74,-9.39,WAS,2020
5,Sun,October 11,1:00PM ET,boxscore,L,,1-4,,Los Angeles Rams,10.0,30.0,10.0,108.0,70.0,38.0,,20.0,429.0,300.0,129.0,1.0,-15.55,-12.32,9.05,WAS,2020
6,Sun,October 18,1:00PM ET,boxscore,L,,1-5,@,New York Giants,19.0,20.0,24.0,337.0,251.0,86.0,2.0,16.0,240.0,108.0,132.0,1.0,1.78,-4.14,-2.48,WAS,2020
7,Sun,October 25,1:00PM ET,boxscore,W,,2-5,,Dallas Cowboys,25.0,3.0,21.0,397.0,189.0,208.0,,12.0,142.0,59.0,83.0,1.0,15.64,14.88,-10.05,WAS,2020
8,,,,,,,,,Bye Week,,,,,,,,,,,,,,,,WAS,2020
9,Sun,November 8,1:00PM ET,boxscore,L,,2-6,,New York Giants,20.0,23.0,19.0,402.0,365.0,37.0,5.0,22.0,350.0,184.0,166.0,,2.73,-1.55,-4.12,WAS,2020
10,Sun,November 15,1:00PM ET,boxscore,L,,2-7,@,Detroit Lions,27.0,30.0,34.0,464.0,375.0,89.0,1.0,21.0,372.0,267.0,105.0,,19.77,-15.43,-6.95,WAS,2020
11,Sun,November 22,1:00PM ET,boxscore,W,,3-7,,Cincinnati Bengals,20.0,9.0,20.0,325.0,161.0,164.0,1.0,18.0,272.0,202.0,70.0,2.0,-0.93,11.45,-0.86,WAS,2020
12,Thu,November 26,4:30PM ET,boxscore,W,,4-7,@,Dallas Cowboys,41.0,16.0,22.0,338.0,156.0,182.0,1.0,13.0,247.0,187.0,60.0,2.0,8.38,17.92,1.4,WAS,2020
13,Mon,December 7,5:00PM ET,boxscore,W,,5-7,@,Pittsburgh Steelers,23.0,17.0,18.0,318.0,273.0,45.0,,17.0,326.0,305.0,21.0,1.0,-7.02,5.7,3.99,WAS,2020
14,Sun,December 13,4:25PM ET,boxscore,W,,6-7,@,San Francisco 49ers,23.0,15.0,12.0,193.0,95.0,98.0,1.0,21.0,344.0,236.0,108.0,3.0,-19.42,25.61,0.12,WAS,2020
15,Sun,December 20,1:00PM ET,boxscore,L,,6-8,,Seattle Seahawks,15.0,20.0,26.0,353.0,269.0,84.0,2.0,16.0,302.0,121.0,181.0,1.0,1.41,-3.17,-4.4,WAS,2020
16,Sun,December 27,4:05PM ET,boxscore,L,,6-9,,Carolina Panthers,13.0,20.0,20.0,386.0,278.0,108.0,4.0,19.0,280.0,167.0,113.0,2.0,-5.49,5.85,-7.24,WAS,2020
17,Sun,January 3,8:20PM ET,boxscore,W,,7-9,@,Philadelphia Eagles,20.0,14.0,16.0,248.0,145.0,103.0,2.0,16.0,216.0,98.0,118.0,3.0,-8.33,11.71,3.56,WAS,2020
,,Playoffs,,,,,,,,,,,,,,,,,,,,,,,WAS,2020
Wild Card,Sat,January 9,8:15PM ET,boxscore,L,,7-10,,Tampa Bay Buccaneers,23.0,31.0,23.0,375.0,289.0,86.0,1.0,26.0,507.0,365.0,142.0,1.0,5.16,-14.51,1.49,WAS,2020
1,Mon,September 14,7:15PM ET,boxscore,L,,0-1,,Pittsburgh Steelers,16.0,26.0,20.0,291.0,262.0,29.0,2.0,19.0,349.0,208.0,141.0,1.0,-6.06,-13.2,5.36,NYG,2020
2,Sun,September 20,1:00PM ET,boxscore,L,,0-2,@,Chicago Bears,13.0,17.0,22.0,295.0,220.0,75.0,2.0,18.0,304.0,169.0,135.0,2.0,0.28,-3.42,3.92,NYG,2020
3,Sun,September 27,1:00PM ET,boxscore,L,,0-3,,San Francisco 49ers,9.0,36.0,13.0,231.0,165.0,66.0,3.0,29.0,420.0,327.0,93.0,,-10.86,-18.53,8.05,NYG,2020
4,Sun,October 4,4:05PM ET,boxscore,L,,0-4,@,Los Angeles Rams,9.0,17.0,19.0,295.0,159.0,136.0,1.0,15.0,240.0,182.0,58.0,1.0,-8.39,-1.88,3.27,NYG,2020
5,Sun,October 11,4:25PM ET,boxscore,L,,0-5,@,Dallas Cowboys,34.0,37.0,20.0,300.0,211.0,89.0,1.0,28.0,402.0,276.0,126.0,2.0,-0.61,-11.9,7.75,NYG,2020
6,Sun,October 18,1:00PM ET,boxscore,W,,1-5,,Washington Football Team,20.0,19.0,16.0,240.0,108.0,132.0,1.0,24.0,337.0,251.0,86.0,2.0,4.14,-1.78,2.48,NYG,2020
7,Thu,October 22,8:20PM ET,boxscore,L,,1-6,@,Philadelphia Eagles,21.0,22.0,17.0,325.0,165.0,160.0,3.0,27.0,442.0,346.0,96.0,1.0,-1.65,-2.8,1.27,NYG,2020
8,Mon,November 2,8:15PM ET,boxscore,L,,1-7,,Tampa Bay Buccaneers,23.0,25.0,24.0,357.0,256.0,101.0,2.0,23.0,344.0,263.0,81.0,1.0,3.57,-5.01,-2.61,NYG,2020
9,Sun,November 8,1:00PM ET,boxscore,W,,2-7,@,Washington Football Team,23.0,20.0,22.0,350.0,184.0,166.0,,19.0,402.0,365.0,37.0,5.0,1.55,-2.73,4.12,NYG,2020
10,Sun,November 15,1:00PM ET,boxscore,W,,3-7,,Philadelphia Eagles,27.0,17.0,22.0,382.0,231.0,151.0,,22.0,346.0,190.0,156.0,,14.42,-2.7,4.88,NYG,2020
11,,,,,,,,,Bye Week,,,,,,,,,,,,,,,,NYG,2020
12,Sun,November 29,1:00PM ET,boxscore,W,,4-7,@,Cincinnati Bengals,19.0,17.0,19.0,386.0,244.0,142.0,1.0,11.0,155.0,115.0,40.0,3.0,-2.23,18.51,-12.92,NYG,2020
13,Sun,December 6,4:05PM ET,boxscore,W,,5-7,@,Seattle Seahawks,17.0,12.0,13.0,290.0,100.0,190.0,1.0,21.0,327.0,216.0,111.0,2.0,-3.56,10.03,-2.18,NYG,2020
14,Sun,December 13,1:00PM ET,boxscore,L,,5-8,,Arizona Cardinals,7.0,26.0,10.0,159.0,81.0,78.0,3.0,22.0,390.0,231.0,159.0,,-18.89,-1.35,-1.81,NYG,2020
15,Sun,December 20,8:20PM ET,boxscore,L,,5-9,,Cleveland Browns,6.0,20.0,14.0,288.0,214.0,74.0,,24.0,392.0,286.0,106.0,,0.85,-16.29,1.67,NYG,2020
16,Sun,December 27,1:00PM ET,boxscore,L,,5-10,@,Baltimore Ravens,13.0,27.0,24.0,269.0,215.0,54.0,,25.0,432.0,183.0,249.0,1.0,-3.69,-17.45,5.16,NYG,2020
17,Sun,January 3,1:00PM ET,boxscore,W,,6-10,,Dallas Cowboys,23.0,19.0,22.0,336.0,211.0,125.0,2.0,26.0,307.0,199.0,108.0,1.0,4.34,3.56,-4.88,NYG,2020
1,Sun,September 13,1:00PM ET,boxscore,W,,1-0,@,Detroit Lions,27.0,23.0,26.0,363.0,214.0,149.0,,25.0,426.0,288.0,138.0,1.0,10.67,-7.96,0.12,CHI,2020
2,Sun,September 20,1:00PM ET,boxscore,W,,2-0,,New York Giants,17.0,13.0,18.0,304.0,169.0,135.0,2.0,22.0,295.0,220.0,75.0,2.0,3.42,-0.28,-3.92,CHI,2020
3,Sun,September 27,1:00PM ET,boxscore,W,,3-0,@,Atlanta Falcons,30.0,26.0,24.0,437.0,307.0,130.0,2.0,22.0,371.0,227.0,144.0,1.0,2.87,-5.82,5.24,CHI,2020
4,Sun,October 4,1:00PM ET,boxscore,L,,3-1,,Indianapolis Colts,11.0,19.0,16.0,269.0,241.0,28.0,1.0,18.0,289.0,186.0,103.0,,-1.13,-2.28,-7.13,CHI,2020
5,Thu,October 8,8:20PM ET,boxscore,W,,4-1,,Tampa Bay Buccaneers,20.0,19.0,18.0,243.0,208.0,35.0,1.0,18.0,339.0,233.0,106.0,1.0,-0.67,3.3,1.05,CHI,2020
6,Sun,October 18,1:00PM ET,boxscore,W,,5-1,@,Carolina Panthers,23.0,16.0,22.0,261.0,198.0,63.0,1.0,23.0,303.0,191.0,112.0,3.0,1.01,3.15,2.23,CHI,2020
7,Mon,October 26,8:15PM ET,boxscore,L,,5-2,@,Los Angeles Rams,10.0,24.0,14.0,279.0,230.0,49.0,2.0,24.0,371.0,211.0,160.0,1.0,-17.34,-3.2,5.7,CHI,2020
8,Sun,November 1,4:25PM ET,boxscore,L,OT,5-3,,New Orleans Saints,23.0,26.0,18.0,329.0,233.0,96.0,1.0,23.0,394.0,272.0,122.0,,0.1,-6.13,4.3,CHI,2020
9,Sun,November 8,1:00PM ET,boxscore,L,,5-4,@,Tennessee Titans,17.0,24.0,22.0,375.0,319.0,56.0,2.0,11.0,228.0,136.0,92.0,,-12.79,3.34,1.5,CHI,2020
10,Mon,November 16,8:15PM ET,boxscore,L,,5-5,,Minnesota Vikings,13.0,19.0,10.0,149.0,108.0,41.0,2.0,19.0,385.0,286.0,99.0,2.0,-18.69,3.86,8.08,CHI,2020
11,,,,,,,,,Bye Week,,,,,,,,,,,,,,,,CHI,2020
12,Sun,November 29,8:20PM ET,boxscore,L,,5-6,@,Green Bay Packers,25.0,41.0,26.0,350.0,229.0,121.0,3.0,28.0,393.0,211.0,182.0,,6.85,-27.57,-0.48,CHI,2020
13,Sun,December 6,1:00PM ET,boxscore,L,,5-7,,Detroit Lions,30.0,34.0,26.0,389.0,249.0,140.0,1.0,24.0,460.0,400.0,60.0,1.0,12.1,-17.66,0.8,CHI,2020
14,Sun,December 13,1:00PM ET,boxscore,W,,6-7,,Houston Texans,36.0,7.0,23.0,410.0,241.0,169.0,,17.0,263.0,155.0,108.0,2.0,16.71,8.67,2.22,CHI,2020
15,Sun,December 20,1:00PM ET,boxscore,W,,7-7,@,Minnesota Vikings,33.0,27.0,23.0,397.0,198.0,199.0,1.0,26.0,407.0,249.0,158.0,1.0,14.23,-11.76,4.0,CHI,2020
16,Sun,December 27,1:00PM ET,boxscore,W,,8-7,@,Jacksonville Jaguars,41.0,17.0,28.0,391.0,263.0,128.0,1.0,14.0,279.0,203.0,76.0,2.0,20.23,4.85,-2.73,CHI,2020
17,Sun,January 3,4:25PM ET,boxscore,L,,8-8,,Green Bay Packers,16.0,35.0,21.0,356.0,248.0,108.0,2.0,17.0,316.0,237.0,79.0,1.0,4.91,-22.83,3.56,CHI,2020
,,Playoffs,,,,,,,,,,,,,,,,,,,,,,,CHI,2020
Wild Card,Sun,January 10,4:40PM ET,boxscore,L,,8-9,@,New Orleans Saints,9.0,21.0,11.0,239.0,191.0,48.0,,27.0,385.0,262.0,123.0,1.0,-7.56,-11.98,9.21,CHI,2020
1,Sun,September 13,1:00PM ET,boxscore,W,,1-0,@,Minnesota Vikings,43.0,34.0,31.0,522.0,364.0,158.0,,25.0,382.0,248.0,134.0,1.0,28.03,-19.11,3.78,GNB,2020
2,Sun,September 20,1:00PM ET,boxscore,W,,2-0,,Detroit Lions,42.0,21.0,26.0,488.0,229.0,259.0,,19.0,307.0,218.0,89.0,1.0,26.08,-2.93,-2.86,GNB,2020
3,Sun,September 27,8:20PM ET,boxscore,W,,3-0,@,New Orleans Saints,37.0,30.0,24.0,369.0,271.0,98.0,,21.0,397.0,275.0,122.0,1.0,19.67,-14.59,5.23,GNB,2020
4,Mon,October 5,8:15PM ET,boxscore,W,,4-0,,Atlanta Falcons,30.0,16.0,22.0,403.0,315.0,88.0,,24.0,327.0,249.0,78.0,,19.46,-5.57,0.14,GNB,2020
5,,,,,,,,,Bye Week,,,,,,,,,,,,,,,,GNB,2020
6,Sun,October 18,4:25PM ET,boxscore,L,,4-1,@,Tampa Bay Buccaneers,10.0,38.0,13.0,201.0,107.0,94.0,2.0,21.0,324.0,166.0,158.0,,-21.73,-15.29,4.79,GNB,2020
7,Sun,October 25,1:00PM ET,boxscore,W,,5-1,@,Houston Texans,35.0,20.0,22.0,379.0,283.0,96.0,,20.0,365.0,286.0,79.0,1.0,20.19,-1.7,-4.25,GNB,2020
8,Sun,November 1,1:00PM ET,boxscore,L,,5-2,,Minnesota Vikings,22.0,28.0,24.0,400.0,291.0,109.0,1.0,20.0,324.0,151.0,173.0,,13.95,-20.77,1.23,GNB,2020
9,Thu,November 5,8:20PM ET,boxscore,W,,6-2,@,San Francisco 49ers,34.0,17.0,21.0,405.0,294.0,111.0,,17.0,337.0,282.0,55.0,2.0,19.59,-0.24,-3.72,GNB,2020
10,Sun,November 15,1:00PM ET,boxscore,W,,7-2,,Jacksonville Jaguars,24.0,20.0,16.0,395.0,315.0,80.0,2.0,16.0,260.0,151.0,109.0,1.0,1.82,10.89,-8.95,GNB,2020
11,Sun,November 22,4:25PM ET,boxscore,L,OT,7-3,@,Indianapolis Colts,31.0,34.0,21.0,367.0,301.0,66.0,4.0,23.0,420.0,280.0,140.0,2.0,6.48,-4.31,-4.3,GNB,2020
12,Sun,November 29,8:20PM ET,boxscore,W,,8-3,,Chicago Bears,41.0,25.0,28.0,393.0,211.0,182.0,,26.0,350.0,229.0,121.0,3.0,27.57,-6.85,0.48,GNB,2020
13,Sun,December 6,4:25PM ET,boxscore,W,,9-3,,Philadelphia Eagles,30.0,16.0,20.0,437.0,288.0,149.0,,17.0,278.0,161.0,117.0,1.0,19.58,2.33,-8.04,GNB,2020
14,Sun,December 13,4:25PM ET,boxscore,W,,10-3,@,Detroit Lions,31.0,24.0,26.0,410.0,290.0,120.0,,27.0,293.0,242.0,51.0,,23.25,-13.36,-0.61,GNB,2020
15,Sat,December 19,8:15PM ET,boxscore,W,,11-3,,Carolina Panthers,24.0,16.0,20.0,291.0,96.0,195.0,,20.0,364.0,249.0,115.0,1.0,6.96,1.0,4.27,GNB,2020
16,Sun,December 27,8:20PM ET,boxscore,W,,12-3,,Tennessee Titans,40.0,14.0,27.0,448.0,214.0,234.0,1.0,15.0,260.0,104.0,156.0,2.0,25.88,3.08,-4.92,GNB,2020
17,Sun,January 3,4:25PM ET,boxscore,W,,13-3,@,Chicago Bears,35.0,16.0,17.0,316.0,237.0,79.0,1.0,21.0,356.0,248.0,108.0,2.0,22.83,-4.91,-3.56,GNB,2020
,,Playoffs,,,,,,,,,,,,,,,,,,,,,,,GNB,2020
Division,Sat,January 16,4:35PM ET,boxscore,W,,14-3,,Los Angeles Rams,32.0,18.0,28.0,484.0,296.0,188.0,,17.0,244.0,148.0,96.0,,23.74,-2.94,-5.23,GNB,2020
Conf. Champ.,Sun,January 24,3:05PM ET,boxscore,L,,14-4,,Tampa Bay Buccaneers,26.0,31.0,23.0,381.0,314.0,67.0,2.0,19.0,351.0,275.0,76.0,3.0,7.4,-14.4,-0.17,GNB,2020
1,Sun,September 13,1:00PM ET,boxscore,L,,0-1,,Green Bay Packers,34.0,43.0,25.0,382.0,248.0,134.0,1.0,31.0,522.0,364.0,158.0,,19.11,-28.03,-3.78,MIN,2020
2,Sun,September 20,1:00PM ET,boxscore,L,,0-2,@,Indianapolis Colts,11.0,28.0,12.0,175.0,95.0,80.0,3.0,24.0,354.0,203.0,151.0,1.0,-9.97,-5.63,-4.52,MIN,2020
3,Sun,September 27,1:00PM ET,boxscore,L,,0-3,,Tennessee Titans,30.0,31.0,22.0,464.0,238.0,226.0,3.0,23.0,444.0,310.0,134.0,1.0,10.21,-3.79,-7.95,MIN,2020
4,Sun,October 4,1:00PM ET,boxscore,W,,1-3,@,Houston Texans,31.0,23.0,24.0,410.0,248.0,162.0,,20.0,386.0,290.0,96.0,1.0,17.07,-8.81,-1.44,MIN,2020
5,Sun,October 11,8:20PM ET,boxscore,L,,1-4,@,Seattle Seahawks,26.0,27.0,31.0,449.0,248.0,201.0,2.0,18.0,314.0,190.0,124.0,1.0,6.68,-8.96,-0.07,MIN,2020
6,Sun,October 18,1:00PM ET,boxscore,L,,1-5,,Atlanta Falcons,23.0,40.0,19.0,365.0,333.0,32.0,3.0,24.0,462.0,363.0,99.0,1.0,0.99,-20.17,-0.84,MIN,2020
7,,,,,,,,,Bye Week,,,,,,,,,,,,,,,,MIN,2020
8,Sun,November 1,1:00PM ET,boxscore,W,,2-5,@,Green Bay Packers,28.0,22.0,20.0,324.0,151.0,173.0,,24.0,400.0,291.0,109.0,1.0,20.77,-13.95,-1.23,MIN,2020
9,Sun,November 8,1:00PM ET,boxscore,W,,3-5,,Detroit Lions,34.0,20.0,22.0,487.0,212.0,275.0,,30.0,421.0,292.0,129.0,3.0,22.76,-4.68,-9.45,MIN,2020
10,Mon,November 16,8:15PM ET,boxscore,W,,4-5,@,Chicago Bears,19.0,13.0,19.0,385.0,286.0,99.0,2.0,10.0,149.0,108.0,41.0,2.0,-3.86,18.69,-8.08,MIN,2020
11,Sun,November 22,4:25PM ET,boxscore,L,,4-6,,Dallas Cowboys,28.0,31.0,24.0,430.0,305.0,125.0,2.0,24.0,376.0,196.0,180.0,1.0,9.0,-15.61,2.73,MIN,2020
12,Sun,November 29,1:00PM ET,boxscore,W,,5-6,,Carolina Panthers,28.0,27.0,26.0,387.0,291.0,96.0,3.0,21.0,374.0,267.0,107.0,1.0,0.99,-7.73,7.86,MIN,2020
13,Sun,December 6,1:00PM ET,boxscore,W,OT,6-6,,Jacksonville Jaguars,27.0,24.0,30.0,420.0,275.0,145.0,2.0,20.0,390.0,266.0,124.0,4.0,-2.36,4.24,3.19,MIN,2020
14,Sun,December 13,1:00PM ET,boxscore,L,,6-7,@,Tampa Bay Buccaneers,14.0,26.0,27.0,335.0,173.0,162.0,1.0,17.0,303.0,196.0,107.0,,10.7,-18.44,-7.06,MIN,2020
15,Sun,December 20,1:00PM ET,boxscore,L,,6-8,,Chicago Bears,27.0,33.0,26.0,407.0,249.0,158.0,1.0,23.0,397.0,198.0,199.0,1.0,11.76,-14.23,-4.0,MIN,2020
16,Fri,December 25,4:30PM ET,boxscore,L,,6-9,@,New Orleans Saints,33.0,52.0,25.0,364.0,274.0,90.0,,36.0,583.0,319.0,264.0,2.0,16.7,-35.03,-0.55,MIN,2020
17,Sun,January 3,1:00PM ET,boxscore,W,,7-9,@,Detroit Lions,37.0,35.0,31.0,508.0,383.0,125.0,,21.0,417.0,288.0,129.0,2.0,27.15,-18.16,-3.69,MIN,2020
1,Sun,September 13,1:00PM ET,boxscore,L,,0-1,,Chicago Bears,23.0,27.0,25.0,426.0,288.0,138.0,1.0,26.0,363.0,214.0,149.0,,7.96,-10.67,-0.12,DET,2020
2,Sun,September 20,1:00PM ET,boxscore,L,,0-2,@,Green Bay Packers,21.0,42.0,19.0,307.0,218.0,89.0,1.0,26.0,488.0,229.0,259.0,,2.93,-26.08,2.86,DET,2020
3,Sun,September 27,4:25PM ET,boxscore,W,,1-2,@,Arizona Cardinals,26.0,23.0,22.0,322.0,232.0,90.0,,28.0,377.0,268.0,109.0,3.0,8.15,-8.07,2.46,DET,2020
4,Sun,October 4,1:00PM ET,boxscore,L,,1-3,,New Orleans Saints,29.0,35.0,18.0,281.0,191.0,90.0,1.0,29.0,392.0,228.0,164.0,1.0,11.85,-23.24,5.65,DET,2020
5,,,,,,,,,Bye Week,,,,,,,,,,,,,,,,DET,2020
6,Sun,October 18,1:00PM ET,boxscore,W,,2-3,@,Jacksonville Jaguars,34.0,16.0,25.0,403.0,223.0,180.0,1.0,16.0,275.0,231.0,44.0,2.0,15.35,3.97,1.46,DET,2020
7,Sun,October 25,1:00PM ET,boxscore,W,,3-3,@,Atlanta Falcons,23.0,22.0,21.0,386.0,322.0,64.0,,26.0,388.0,322.0,66.0,1.0,10.28,-10.84,2.56,DET,2020
8,Sun,November 1,1:00PM ET,boxscore,L,,3-4,,Indianapolis Colts,21.0,41.0,20.0,326.0,297.0,29.0,2.0,26.0,366.0,247.0,119.0,,-3.03,-21.92,6.52,DET,2020
9,Sun,November 8,1:00PM ET,boxscore,L,,3-5,@,Minnesota Vikings,20.0,34.0,30.0,421.0,292.0,129.0,3.0,22.0,487.0,212.0,275.0,,4.68,-22.76,9.45,DET,2020
10,Sun,November 15,1:00PM ET,boxscore,W,,4-5,,Washington Football Team,30.0,27.0,21.0,372.0,267.0,105.0,,34.0,464.0,375.0,89.0,1.0,15.43,-19.77,6.95,DET,2020
11,Sun,November 22,1:00PM ET,boxscore,L,,4-6,@,Carolina Panthers,0.0,20.0,10.0,185.0,145.0,40.0,1.0,20.0,374.0,258.0,116.0,2.0,-18.63,1.61,-3.12,DET,2020
12,Thu,November 26,12:30PM ET,boxscore,L,,4-7,,Houston Texans,25.0,41.0,28.0,388.0,279.0,109.0,3.0,21.0,384.0,307.0,77.0,1.0,-3.34,-11.31,0.56,DET,2020
13,Sun,December 6,1:00PM ET,boxscore,W,,5-7,@,Chicago Bears,34.0,30.0,24.0,460.0,400.0,60.0,1.0,26.0,389.0,249.0,140.0,1.0,17.66,-12.1,-0.8,DET,2020
14,Sun,December 13,4:25PM ET,boxscore,L,,5-8,,Green Bay Packers,24.0,31.0,27.0,293.0,242.0,51.0,,26.0,410.0,290.0,120.0,,13.36,-23.25,0.61,DET,2020
15,Sun,December 20,1:00PM ET,boxscore,L,,5-9,@,Tennessee Titans,25.0,46.0,27.0,430.0,307.0,123.0,3.0,28.0,463.0,268.0,195.0,,12.36,-33.75,2.3,DET,2020
16,Sat,December 26,1:00PM ET,boxscore,L,,5-10,,Tampa Bay Buccaneers,7.0,47.0,12.0,186.0,113.0,73.0,2.0,30.0,588.0,477.0,111.0,,-18.39,-37.71,16.78,DET,2020
17,Sun,January 3,1:00PM ET,boxscore,L,,5-11,,Minnesota Vikings,35.0,37.0,21.0,417.0,288.0,129.0,2.0,31.0,508.0,383.0,125.0,,18.16,-27.15,3.69,DET,2020
1,Sun,September 13,1:00PM ET,boxscore,L,,0-1,,Las Vegas Raiders,30.0,34.0,22.0,388.0,259.0,129.0,,23.0,372.0,239.0,133.0,,16.44,-19.49,0.04,CAR,2020
2,Sun,September 20,1:00PM ET,boxscore,L,,0-2,@,Tampa Bay Buccaneers,17.0,31.0,24.0,427.0,340.0,87.0,4.0,20.0,339.0,217.0,122.0,2.0,0.25,-7.61,-4.83,CAR,2020
3,Sun,September 27,4:05PM ET,boxscore,W,,1-2,@,Los Angeles Chargers,21.0,16.0,14.0,302.0,221.0,81.0,,26.0,436.0,319.0,117.0,4.0,1.18,5.44,-0.62,CAR,2020
4,Sun,October 4,1:00PM ET,boxscore,W,,2-2,,Arizona Cardinals,31.0,21.0,30.0,444.0,276.0,168.0,1.0,21.0,262.0,133.0,129.0,1.0,23.36,-8.53,-3.47,CAR,2020
5,Sun,October 11,1:00PM ET,boxscore,W,,3-2,@,Atlanta Falcons,23.0,16.0,24.0,437.0,313.0,124.0,,21.0,373.0,207.0,166.0,1.0,18.13,-6.82,-2.46,CAR,2020
6,Sun,October 18,1:00PM ET,boxscore,L,,3-3,,Chicago Bears,16.0,23.0,23.0,303.0,191.0,112.0,3.0,22.0,261.0,198.0,63.0,1.0,-3.15,-1.01,-2.23,CAR,2020
7,Sun,October 25,1:00PM ET,boxscore,L,,3-4,@,New Orleans Saints,24.0,27.0,18.0,283.0,246.0,37.0,,26.0,415.0,277.0,138.0,1.0,17.99,-21.29,-1.07,CAR,2020
8,Thu,October 29,8:20PM ET,boxscore,L,,3-5,,Atlanta Falcons,17.0,25.0,18.0,304.0,157.0,147.0,1.0,28.0,401.0,270.0,131.0,1.0,2.21,-15.4,6.84,CAR,2020
9,Sun,November 8,1:00PM ET,boxscore,L,,3-6,@,Kansas City Chiefs,31.0,33.0,30.0,435.0,331.0,104.0,,24.0,397.0,361.0,36.0,1.0,19.28,-20.48,1.85,CAR,2020
10,Sun,November 15,1:00PM ET,boxscore,L,,3-7,,Tampa Bay Buccaneers,23.0,46.0,13.0,187.0,122.0,65.0,1.0,30.0,544.0,334.0,210.0,1.0,-6.81,-27.3,11.18,CAR,2020
11,Sun,November 22,1:00PM ET,boxscore,W,,4-7,,Detroit Lions,20.0,0.0,20.0,374.0,258.0,116.0,2.0,10.0,185.0,145.0,40.0,1.0,-1.61,18.63,3.12,CAR,2020
12,Sun,November 29,1:00PM ET,boxscore,L,,4-8,@,Minnesota Vikings,27.0,28.0,21.0,374.0,267.0,107.0,1.0,26.0,387.0,291.0,96.0,3.0,7.73,-0.99,-7.86,CAR,2020
13,,,,,,,,,Bye Week,,,,,,,,,,,,,,,,CAR,2020
14,Sun,December 13,1:00PM ET,boxscore,L,,4-9,,Denver Broncos,27.0,32.0,22.0,370.0,245.0,125.0,,23.0,365.0,269.0,96.0,1.0,7.47,-8.51,-5.3,CAR,2020
15,Sat,December 19,8:15PM ET,boxscore,L,,4-10,@,Green Bay Packers,16.0,24.0,20.0,364.0,249.0,115.0,1.0,20.0,291.0,96.0,195.0,,-1.0,-6.96,-4.27,CAR,2020
16,Sun,December 27,4:05PM ET,boxscore,W,,5-10,@,Washington Football Team,20.0,13.0,19.0,280.0,167.0,113.0,2.0,20.0,386.0,278.0,108.0,4.0,-5.85,5.49,7.24,CAR,2020
17,Sun,January 3,4:25PM ET,boxscore,L,,5-11,,New Orleans Saints,7.0,33.0,17.0,320.0,246.0,74.0,5.0,20.0,347.0,191.0,156.0,,-14.42,-10.71,-0.09,CAR,2020
1,Sun,September 13,4:25PM ET,boxscore,L,,0-1,@,New Orleans Saints,23.0,34.0,23.0,310.0,224.0,86.0,3.0,18.0,271.0,189.0,82.0,,0.48,-1.98,-11.57,TAM,2020
2,Sun,September 20,1:00PM ET,boxscore,W,,1-1,,Carolina Panthers,31.0,17.0,20.0,339.0,217.0,122.0,2.0,24.0,427.0,340.0,87.0,4.0,7.61,-0.25,4.83,TAM,2020
3,Sun,September 27,4:25PM ET,boxscore,W,,2-1,@,Denver Broncos,28.0,10.0,17.0,353.0,285.0,68.0,,13.0,226.0,184.0,42.0,2.0,7.71,10.72,0.99,TAM,2020
4,Sun,October 4,1:00PM ET,boxscore,W,,3-1,,Los Angeles Chargers,38.0,31.0,28.0,484.0,369.0,115.0,1.0,15.0,324.0,278.0,46.0,2.0,12.95,-5.88,0.2,TAM,2020
5,Thu,October 8,8:20PM ET,boxscore,L,,3-2,@,Chicago Bears,19.0,20.0,18.0,339.0,233.0,106.0,1.0,18.0,243.0,208.0,35.0,1.0,-3.3,0.67,-1.05,TAM,2020
6,Sun,October 18,4:25PM ET,boxscore,W,,4-2,,Green Bay Packers,38.0,10.0,21.0,324.0,166.0,158.0,,13.0,201.0,107.0,94.0,2.0,15.29,21.73,-4.79,TAM,2020
7,Sun,October 25,4:05PM ET,boxscore,W,,5-2,@,Las Vegas Raiders,45.0,20.0,29.0,454.0,369.0,85.0,,19.0,347.0,271.0,76.0,1.0,30.56,-1.69,-4.89,TAM,2020
8,Mon,November 2,8:15PM ET,boxscore,W,,6-2,@,New York Giants,25.0,23.0,23.0,344.0,263.0,81.0,1.0,24.0,357.0,256.0,101.0,2.0,5.01,-3.57,2.61,TAM,2020
9,Sun,November 8,8:20PM ET,boxscore,L,,6-3,,New Orleans Saints,3.0,38.0,13.0,194.0,186.0,8.0,3.0,27.0,420.0,282.0,138.0,2.0,-19.57,-13.73,0.26,TAM,2020
10,Sun,November 15,1:00PM ET,boxscore,W,,7-3,@,Carolina Panthers,46.0,23.0,30.0,544.0,334.0,210.0,1.0,13.0,187.0,122.0,65.0,1.0,27.3,6.81,-11.18,TAM,2020
11,Mon,November 23,8:15PM ET,boxscore,L,,7-4,,Los Angeles Rams,24.0,27.0,20.0,251.0,209.0,42.0,2.0,22.0,413.0,376.0,37.0,2.0,-1.67,-5.08,2.02,TAM,2020
12,Sun,November 29,4:25PM ET,boxscore,L,,7-5,,Kansas City Chiefs,24.0,27.0,20.0,417.0,342.0,75.0,2.0,26.0,543.0,456.0,87.0,1.0,12.72,-20.42,2.46,TAM,2020
13,,,,,,,,,Bye Week,,,,,,,,,,,,,,,,TAM,2020
14,Sun,December 13,1:00PM ET,boxscore,W,,8-5,,Minnesota Vikings,26.0,14.0,17.0,303.0,196.0,107.0,,27.0,335.0,173.0,162.0,1.0,18.44,-10.7,7.06,TAM,2020
15,Sun,December 20,1:00PM ET,boxscore,W,,9-5,@,Atlanta Falcons,31.0,27.0,27.0,416.0,365.0,51.0,,23.0,369.0,332.0,37.0,,20.21,-8.39,-4.28,TAM,2020
16,Sat,December 26,1:00PM ET,boxscore,W,,10-5,@,Detroit Lions,47.0,7.0,30.0,588.0,477.0,111.0,,12.0,186.0,113.0,73.0,2.0,37.71,18.39,-16.78,TAM,2020
17,Sun,January 3,1:00PM ET,boxscore,W,,11-5,,Atlanta Falcons,44.0,27.0,28.0,485.0,391.0,94.0,1.0,25.0,385.0,258.0,127.0,2.0,29.28,-10.53,0.43,TAM,2020
,,Playoffs,,,,,,,,,,,,,,,,,,,,,,,TAM,2020
Wild Card,Sat,January 9,8:15PM ET,boxscore,W,,12-5,@,Washington Football Team,31.0,23.0,26.0,507.0,365.0,142.0,1.0,23.0,375.0,289.0,86.0,1.0,14.51,-5.16,-1.49,TAM,2020
Division,Sun,January 17,6:40PM ET,boxscore,W,,13-5,@,New Orleans Saints,30.0,20.0,20.0,316.0,189.0,127.0,,20.0,294.0,190.0,104.0,4.0,5.85,6.52,-0.63,TAM,2020
Conf. Champ.,Sun,January 24,3:05PM ET,boxscore,W,,14-5,@,Green Bay Packers,31.0,26.0,19.0,351.0,275.0,76.0,3.0,23.0,381.0,314.0,67.0,2.0,14.4,-7.4,0.17,TAM,2020
SuperBowl,Sun,February 7,6:30PM ET,boxscore,W,,15-5,N,Kansas City Chiefs,31.0,9.0,26.0,340.0,195.0,145.0,,22.0,350.0,243.0,107.0,2.0,10.75,7.9,1.18,TAM,2020
1,Sun,September 13,1:00PM ET,boxscore,L,,0-1,,Seattle Seahawks,25.0,38.0,28.0,506.0,434.0,72.0,2.0,22.0,383.0,299.0,84.0,,7.25,-21.28,-0.51,ATL,2020
2,Sun,September 20,1:00PM ET,boxscore,L,,0-2,@,Dallas Cowboys,39.0,40.0,22.0,380.0,267.0,113.0,,33.0,570.0,445.0,125.0,3.0,13.66,-17.31,1.38,ATL,2020
3,Sun,September 27,1:00PM ET,boxscore,L,,0-3,,Chicago Bears,26.0,30.0,22.0,371.0,227.0,144.0,1.0,24.0,437.0,307.0,130.0,2.0,5.82,-2.87,-5.24,ATL,2020
4,Mon,October 5,8:15PM ET,boxscore,L,,0-4,@,Green Bay Packers,16.0,30.0,24.0,327.0,249.0,78.0,,22.0,403.0,315.0,88.0,,5.57,-19.46,-0.14,ATL,2020
5,Sun,October 11,1:00PM ET,boxscore,L,,0-5,,Carolina Panthers,16.0,23.0,21.0,373.0,207.0,166.0,1.0,24.0,437.0,313.0,124.0,,6.82,-18.13,2.46,ATL,2020
6,Sun,October 18,1:00PM ET,boxscore,W,,1-5,@,Minnesota Vikings,40.0,23.0,24.0,462.0,363.0,99.0,1.0,19.0,365.0,333.0,32.0,3.0,20.17,-0.99,0.84,ATL,2020
7,Sun,October 25,1:00PM ET,boxscore,L,,1-6,,Detroit Lions,22.0,23.0,26.0,388.0,322.0,66.0,1.0,21.0,386.0,322.0,64.0,,10.84,-10.28,-2.56,ATL,2020
8,Thu,October 29,8:20PM ET,boxscore,W,,2-6,@,Carolina Panthers,25.0,17.0,28.0,401.0,270.0,131.0,1.0,18.0,304.0,157.0,147.0,1.0,15.4,-2.21,-6.84,ATL,2020
9,Sun,November 8,1:00PM ET,boxscore,W,,3-6,,Denver Broncos,34.0,27.0,23.0,363.0,271.0,92.0,1.0,23.0,405.0,302.0,103.0,1.0,14.27,-4.44,0.15,ATL,2020
10,,,,,,,,,Bye Week,,,,,,,,,,,,,,,,ATL,2020
11,Sun,November 22,1:00PM ET,boxscore,L,,3-7,@,New Orleans Saints,9.0,24.0,14.0,248.0,196.0,52.0,2.0,24.0,376.0,210.0,166.0,1.0,-4.08,-12.49,8.6,ATL,2020
12,Sun,November 29,1:00PM ET,boxscore,W,,4-7,,Las Vegas Raiders,43.0,6.0,23.0,304.0,179.0,125.0,1.0,13.0,243.0,203.0,40.0,5.0,3.82,34.18,-4.76,ATL,2020
13,Sun,December 6,1:00PM ET,boxscore,L,,4-8,,New Orleans Saints,16.0,21.0,21.0,332.0,262.0,70.0,1.0,23.0,424.0,217.0,207.0,1.0,-0.46,-8.37,6.27,ATL,2020
14,Sun,December 13,4:25PM ET,boxscore,L,,4-9,@,Los Angeles Chargers,17.0,20.0,19.0,319.0,249.0,70.0,3.0,23.0,345.0,240.0,105.0,1.0,5.82,-10.14,1.54,ATL,2020
15,Sun,December 20,1:00PM ET,boxscore,L,,4-10,,Tampa Bay Buccaneers,27.0,31.0,23.0,369.0,332.0,37.0,,27.0,416.0,365.0,51.0,,8.39,-20.21,4.28,ATL,2020
16,Sun,December 27,1:00PM ET,boxscore,L,,4-11,@,Kansas City Chiefs,14.0,17.0,23.0,367.0,277.0,90.0,1.0,23.0,395.0,278.0,117.0,2.0,5.95,-5.3,-3.91,ATL,2020
17,Sun,January 3,1:00PM ET,boxscore,L,,4-12,@,Tampa Bay Buccaneers,27.0,44.0,25.0,385.0,258.0,127.0,2.0,28.0,485.0,391.0,94.0,1.0,10.53,-29.28,-0.43,ATL,2020
1,Sun,September 13,4:25PM ET,boxscore,W,,1-0,,Tampa Bay Buccaneers,34.0,23.0,18.0,271.0,189.0,82.0,,23.0,310.0,224.0,86.0,3.0,1.98,-0.48,11.57,NOR,2020
2,Mon,September 21,8:15PM ET,boxscore,L,,1-1,@,Las Vegas Raiders,24.0,34.0,26.0,424.0,312.0,112.0,1.0,28.0,377.0,261.0,116.0,1.0,13.97,-22.48,0.31,NOR,2020
3,Sun,September 27,8:20PM ET,boxscore,L,,1-2,,Green Bay Packers,30.0,37.0,21.0,397.0,275.0,122.0,1.0,24.0,369.0,271.0,98.0,,14.59,-19.67,-5.23,NOR,2020
4,Sun,October 4,1:00PM ET,boxscore,W,,2-2,@,Detroit Lions,35.0,29.0,29.0,392.0,228.0,164.0,1.0,18.0,281.0,191.0,90.0,1.0,23.24,-11.85,-5.65,NOR,2020
5,Mon,October 12,8:15PM ET,boxscore,W,OT,3-2,,Los Angeles Chargers,30.0,27.0,23.0,408.0,313.0,95.0,1.0,19.0,350.0,239.0,111.0,,3.09,-6.8,7.44,NOR,2020
6,,,,,,,,,Bye Week,,,,,,,,,,,,,,,,NOR,2020
7,Sun,October 25,1:00PM ET,boxscore,W,,4-2,,Carolina Panthers,27.0,24.0,26.0,415.0,277.0,138.0,1.0,18.0,283.0,246.0,37.0,,21.29,-17.99,1.07,NOR,2020
8,Sun,November 1,4:25PM ET,boxscore,W,OT,5-2,@,Chicago Bears,26.0,23.0,23.0,394.0,272.0,122.0,,18.0,329.0,233.0,96.0,1.0,6.13,-0.1,-4.3,NOR,2020
9,Sun,November 8,8:20PM ET,boxscore,W,,6-2,@,Tampa Bay Buccaneers,38.0,3.0,27.0,420.0,282.0,138.0,2.0,13.0,194.0,186.0,8.0,3.0,13.73,19.57,-0.26,NOR,2020
10,Sun,November 15,4:25PM ET,boxscore,W,,7-2,,San Francisco 49ers,27.0,13.0,17.0,237.0,123.0,114.0,2.0,21.0,281.0,232.0,49.0,4.0,-2.66,8.03,6.47,NOR,2020
11,Sun,November 22,1:00PM ET,boxscore,W,,8-2,,Atlanta Falcons,24.0,9.0,24.0,376.0,210.0,166.0,1.0,14.0,248.0,196.0,52.0,2.0,12.49,4.08,-8.6,NOR,2020
12,Sun,November 29,4:05PM ET,boxscore,W,,9-2,@,Denver Broncos,31.0,3.0,19.0,292.0,63.0,229.0,1.0,6.0,112.0,12.0,100.0,3.0,4.99,26.81,-4.76,NOR,2020
13,Sun,December 6,1:00PM ET,boxscore,W,,10-2,@,Atlanta Falcons,21.0,16.0,23.0,424.0,217.0,207.0,1.0,21.0,332.0,262.0,70.0,1.0,8.37,0.46,-6.27,NOR,2020
14,Sun,December 13,4:25PM ET,boxscore,L,,10-3,@,Philadelphia Eagles,21.0,24.0,20.0,358.0,262.0,96.0,2.0,21.0,413.0,167.0,246.0,1.0,4.23,-6.77,-1.33,NOR,2020
15,Sun,December 20,4:25PM ET,boxscore,L,,10-4,,Kansas City Chiefs,29.0,32.0,15.0,285.0,225.0,60.0,1.0,34.0,411.0,232.0,179.0,1.0,0.3,-12.26,8.71,NOR,2020
16,Fri,December 25,4:30PM ET,boxscore,W,,11-4,,Minnesota Vikings,52.0,33.0,36.0,583.0,319.0,264.0,2.0,25.0,364.0,274.0,90.0,,35.03,-16.7,0.55,NOR,2020
17,Sun,January 3,4:25PM ET,boxscore,W,,12-4,@,Carolina Panthers,33.0,7.0,20.0,347.0,191.0,156.0,,17.0,320.0,246.0,74.0,5.0,10.71,14.42,0.09,NOR,2020
,,Playoffs,,,,,,,,,,,,,,,,,,,,,,,NOR,2020
Wild Card,Sun,January 10,4:40PM ET,boxscore,W,,13-4,,Chicago Bears,21.0,9.0,27.0,385.0,262.0,123.0,1.0,11.0,239.0,191.0,48.0,,11.98,7.56,-9.21,NOR,2020
Division,Sun,January 17,6:40PM ET,boxscore,L,,13-5,,Tampa Bay Buccaneers,20.0,30.0,20.0,294.0,190.0,104.0,4.0,20.0,316.0,189.0,127.0,,-6.52,-5.85,0.63,NOR,2020
1,Sun,September 13,1:00PM ET,boxscore,W,,1-0,@,Atlanta Falcons,38.0,25.0,22.0,383.0,299.0,84.0,,28.0,506.0,434.0,72.0,2.0,21.28,-7.25,0.51,SEA,2020
2,Sun,September 20,8:20PM ET,boxscore,W,,2-0,,New England Patriots,35.0,30.0,22.0,429.0,275.0,154.0,1.0,29.0,464.0,397.0,67.0,1.0,14.54,-19.82,6.98,SEA,2020
3,Sun,September 27,4:25PM ET,boxscore,W,,3-0,,Dallas Cowboys,38.0,31.0,23.0,412.0,295.0,117.0,1.0,27.0,522.0,461.0,61.0,3.0,11.85,-9.84,4.6,SEA,2020
4,Sun,October 4,1:00PM ET,boxscore,W,,4-0,@,Miami Dolphins,31.0,23.0,26.0,441.0,343.0,98.0,1.0,25.0,415.0,312.0,103.0,2.0,16.11,-7.12,-1.32,SEA,2020
5,Sun,October 11,8:20PM ET,boxscore,W,,5-0,,Minnesota Vikings,27.0,26.0,18.0,314.0,190.0,124.0,1.0,31.0,449.0,248.0,201.0,2.0,8.96,-6.68,0.07,SEA,2020
6,,,,,,,,,Bye Week,,,,,,,,,,,,,,,,SEA,2020
7,Sun,October 25,8:20PM ET,boxscore,L,OT,5-1,@,Arizona Cardinals,34.0,37.0,33.0,572.0,372.0,200.0,3.0,31.0,519.0,360.0,159.0,2.0,11.75,-13.97,-0.78,SEA,2020
8,Sun,November 1,4:25PM ET,boxscore,W,,6-1,,San Francisco 49ers,37.0,27.0,27.0,350.0,249.0,101.0,,24.0,351.0,299.0,52.0,2.0,17.9,-14.29,8.73,SEA,2020
9,Sun,November 8,1:00PM ET,boxscore,L,,6-2,@,Buffalo Bills,34.0,44.0,22.0,419.0,362.0,57.0,4.0,27.0,420.0,386.0,34.0,,9.12,-17.05,-4.66,SEA,2020
10,Sun,November 15,4:25PM ET,boxscore,L,,6-3,@,Los Angeles Rams,16.0,23.0,20.0,333.0,220.0,113.0,3.0,24.0,389.0,283.0,106.0,1.0,-3.08,-11.84,6.89,SEA,2020
11,Thu,November 19,8:20PM ET,boxscore,W,,7-3,,Arizona Cardinals,28.0,21.0,22.0,347.0,182.0,165.0,,24.0,314.0,257.0,57.0,,16.03,-8.96,0.39,SEA,2020
12,Mon,November 30,8:15PM ET,boxscore,W,,8-3,@,Philadelphia Eagles,23.0,17.0,20.0,301.0,225.0,76.0,,18.0,250.0,180.0,70.0,1.0,0.57,6.08,1.79,SEA,2020
13,Sun,December 6,4:05PM ET,boxscore,L,,8-4,,New York Giants,12.0,17.0,21.0,327.0,216.0,111.0,2.0,13.0,290.0,100.0,190.0,1.0,-10.03,3.56,2.18,SEA,2020
14,Sun,December 13,4:05PM ET,boxscore,W,,9-4,,New York Jets,40.0,3.0,28.0,410.0,236.0,174.0,1.0,12.0,185.0,116.0,69.0,1.0,22.39,10.41,2.47,SEA,2020
15,Sun,December 20,1:00PM ET,boxscore,W,,10-4,@,Washington Football Team,20.0,15.0,16.0,302.0,121.0,181.0,1.0,26.0,353.0,269.0,84.0,2.0,3.17,-1.41,4.4,SEA,2020
16,Sun,December 27,4:25PM ET,boxscore,W,,11-4,,Los Angeles Rams,20.0,9.0,15.0,292.0,197.0,95.0,,20.0,334.0,216.0,118.0,1.0,1.46,11.28,-0.5,SEA,2020
17,Sun,January 3,4:25PM ET,boxscore,W,,12-4,@,San Francisco 49ers,26.0,23.0,21.0,280.0,159.0,121.0,,17.0,328.0,242.0,86.0,1.0,5.26,-2.58,0.32,SEA,2020
,,Playoffs,,,,,,,,,,,,,,,,,,,,,,,SEA,2020
Wild Card,Sat,January 9,4:40PM ET,boxscore,L,,12-5,,Los Angeles Rams,20.0,30.0,11.0,278.0,142.0,136.0,2.0,16.0,333.0,169.0,164.0,,-18.04,3.67,1.48,SEA,2020
1,Sun,September 13,8:20PM ET,boxscore,W,,1-0,,Dallas Cowboys,20.0,17.0,23.0,422.0,269.0,153.0,1.0,24.0,380.0,244.0,136.0,,12.62,-3.18,-1.54,LAR,2020
2,Sun,September 20,1:00PM ET,boxscore,W,,2-0,@,Philadelphia Eagles,37.0,19.0,30.0,449.0,258.0,191.0,1.0,25.0,363.0,242.0,121.0,3.0,27.57,0.85,-8.25,LAR,2020
3,Sun,September 27,1:00PM ET,boxscore,L,,2-1,@,Buffalo Bills,32.0,35.0,28.0,478.0,311.0,167.0,2.0,23.0,375.0,274.0,101.0,2.0,19.86,-17.83,-6.79,LAR,2020
4,Sun,October 4,4:05PM ET,boxscore,W,,3-1,,New York Giants,17.0,9.0,15.0,240.0,182.0,58.0,1.0,19.0,295.0,159.0,136.0,1.0,1.88,8.39,-3.27,LAR,2020
5,Sun,October 11,1:00PM ET,boxscore,W,,4-1,@,Washington Football Team,30.0,10.0,20.0,429.0,300.0,129.0,1.0,10.0,108.0,70.0,38.0,,12.32,15.55,-9.05,LAR,2020
6,Sun,October 18,8:20PM ET,boxscore,L,,4-2,@,San Francisco 49ers,16.0,24.0,17.0,311.0,198.0,113.0,1.0,24.0,390.0,268.0,122.0,,2.05,-12.69,2.53,LAR,2020
7,Mon,October 26,8:15PM ET,boxscore,W,,5-2,,Chicago Bears,24.0,10.0,24.0,371.0,211.0,160.0,1.0,14.0,279.0,230.0,49.0,2.0,3.2,17.34,-5.7,LAR,2020
8,Sun,November 1,1:00PM ET,boxscore,L,,5-3,@,Miami Dolphins,17.0,28.0,31.0,471.0,340.0,131.0,4.0,8.0,145.0,90.0,55.0,2.0,-18.41,21.63,-12.41,LAR,2020
9,,,,,,,,,Bye Week,,,,,,,,,,,,,,,,LAR,2020
10,Sun,November 15,4:25PM ET,boxscore,W,,6-3,,Seattle Seahawks,23.0,16.0,24.0,389.0,283.0,106.0,1.0,20.0,333.0,220.0,113.0,3.0,11.84,3.08,-6.89,LAR,2020
11,Mon,November 23,8:15PM ET,boxscore,W,,7-3,@,Tampa Bay Buccaneers,27.0,24.0,22.0,413.0,376.0,37.0,2.0,20.0,251.0,209.0,42.0,2.0,5.08,1.67,-2.02,LAR,2020
12,Sun,November 29,4:05PM ET,boxscore,L,,7-4,,San Francisco 49ers,20.0,23.0,14.0,308.0,182.0,126.0,4.0,18.0,345.0,233.0,112.0,3.0,-19.57,14.81,2.68,LAR,2020
13,Sun,December 6,4:05PM ET,boxscore,W,,8-4,@,Arizona Cardinals,38.0,28.0,30.0,463.0,344.0,119.0,1.0,18.0,232.0,140.0,92.0,2.0,18.92,0.6,-6.43,LAR,2020
14,Thu,December 10,8:20PM ET,boxscore,W,,9-4,,New England Patriots,24.0,3.0,17.0,318.0,132.0,186.0,1.0,10.0,220.0,113.0,107.0,1.0,1.19,29.77,-8.58,LAR,2020
15,Sun,December 20,4:05PM ET,boxscore,L,,9-5,,New York Jets,20.0,23.0,16.0,303.0,189.0,114.0,1.0,17.0,289.0,196.0,93.0,,-2.53,-0.42,-0.32,LAR,2020
16,Sun,December 27,4:25PM ET,boxscore,L,,9-6,@,Seattle Seahawks,9.0,20.0,20.0,334.0,216.0,118.0,1.0,15.0,292.0,197.0,95.0,,-11.28,-1.46,0.5,LAR,2020
17,Sun,January 3,4:25PM ET,boxscore,W,,10-6,,Arizona Cardinals,18.0,7.0,21.0,333.0,223.0,110.0,2.0,15.0,214.0,166.0,48.0,1.0,-6.77,13.48,2.44,LAR,2020
,,Playoffs,,,,,,,,,,,,,,,,,,,,,,,LAR,2020
Wild Card,Sat,January 9,4:40PM ET,boxscore,W,,11-6,@,Seattle Seahawks,30.0,20.0,16.0,333.0,169.0,164.0,,11.0,278.0,142.0,136.0,2.0,-3.67,18.04,-1.48,LAR,2020
Division,Sat,January 16,4:35PM ET,boxscore,L,,11-7,@,Green Bay Packers,18.0,32.0,17.0,244.0,148.0,96.0,,28.0,484.0,296.0,188.0,,2.94,-23.74,5.23,LAR,2020
1,Sun,September 13,4:25PM ET,boxscore,L,,0-1,,Arizona Cardinals,20.0,24.0,18.0,366.0,243.0,123.0,,29.0,404.0,224.0,180.0,1.0,3.88,-6.46,0.46,SFO,2020
2,Sun,September 20,1:00PM ET,boxscore,W,,1-1,@,New York Jets,31.0,13.0,17.0,359.0,177.0,182.0,1.0,17.0,277.0,173.0,104.0,,11.4,4.92,0.86,SFO,2020
3,Sun,September 27,1:00PM ET,boxscore,W,,2-1,@,New York Giants,36.0,9.0,29.0,420.0,327.0,93.0,,13.0,231.0,165.0,66.0,3.0,18.53,10.86,-8.05,SFO,2020
4,Sun,October 4,8:20PM ET,boxscore,L,,2-2,,Philadelphia Eagles,20.0,25.0,25.0,417.0,301.0,116.0,3.0,18.0,267.0,174.0,93.0,1.0,0.02,-0.66,-3.75,SFO,2020
5,Sun,October 11,4:05PM ET,boxscore,L,,2-3,,Miami Dolphins,17.0,43.0,19.0,259.0,128.0,131.0,3.0,22.0,436.0,342.0,94.0,,-9.48,-19.36,-0.03,SFO,2020
6,Sun,October 18,8:20PM ET,boxscore,W,,3-3,,Los Angeles Rams,24.0,16.0,24.0,390.0,268.0,122.0,,17.0,311.0,198.0,113.0,1.0,12.69,-2.05,-2.53,SFO,2020
7,Sun,October 25,4:25PM ET,boxscore,W,,4-3,@,New England Patriots,33.0,6.0,26.0,467.0,270.0,197.0,2.0,17.0,241.0,147.0,94.0,4.0,22.44,9.49,-6.55,SFO,2020
8,Sun,November 1,4:25PM ET,boxscore,L,,4-4,@,Seattle Seahawks,27.0,37.0,24.0,351.0,299.0,52.0,2.0,27.0,350.0,249.0,101.0,,14.29,-17.9,-8.73,SFO,2020
9,Thu,November 5,8:20PM ET,boxscore,L,,4-5,,Green Bay Packers,17.0,34.0,17.0,337.0,282.0,55.0,2.0,21.0,405.0,294.0,111.0,,0.24,-19.59,3.72,SFO,2020
10,Sun,November 15,4:25PM ET,boxscore,L,,4-6,@,New Orleans Saints,13.0,27.0,21.0,281.0,232.0,49.0,4.0,17.0,237.0,123.0,114.0,2.0,-8.03,2.66,-6.47,SFO,2020
11,,,,,,,,,Bye Week,,,,,,,,,,,,,,,,SFO,2020
12,Sun,November 29,4:05PM ET,boxscore,W,,5-6,@,Los Angeles Rams,23.0,20.0,18.0,345.0,233.0,112.0,3.0,14.0,308.0,182.0,126.0,4.0,-14.81,19.57,-2.68,SFO,2020
13,Mon,December 7,8:15PM ET,boxscore,L,,5-7,,Buffalo Bills,24.0,34.0,24.0,402.0,316.0,86.0,2.0,31.0,449.0,368.0,81.0,1.0,6.59,-18.14,-0.36,SFO,2020
14,Sun,December 13,4:25PM ET,boxscore,L,,5-8,,Washington Football Team,15.0,23.0,21.0,344.0,236.0,108.0,3.0,12.0,193.0,95.0,98.0,1.0,-25.61,19.42,-0.12,SFO,2020
15,Sun,December 20,1:00PM ET,boxscore,L,,5-9,@,Dallas Cowboys,33.0,41.0,28.0,458.0,308.0,150.0,4.0,15.0,291.0,204.0,87.0,,11.28,-4.47,-12.91,SFO,2020
16,Sat,December 26,4:30PM ET,boxscore,W,,6-9,@,Arizona Cardinals,20.0,12.0,22.0,398.0,171.0,227.0,1.0,20.0,350.0,230.0,120.0,2.0,9.69,10.15,-10.68,SFO,2020
17,Sun,January 3,4:25PM ET,boxscore,L,,6-10,,Seattle Seahawks,23.0,26.0,17.0,328.0,242.0,86.0,1.0,21.0,280.0,159.0,121.0,,2.58,-5.26,-0.32,SFO,2020
1,Sun,September 13,4:25PM ET,boxscore,W,,1-0,@,San Francisco 49ers,24.0,20.0,29.0,404.0,224.0,180.0,1.0,18.0,366.0,243.0,123.0,,6.46,-3.88,-0.46,ARI,2020
2,Sun,September 20,4:05PM ET,boxscore,W,,2-0,,Washington Football Team,30.0,15.0,22.0,438.0,278.0,160.0,1.0,19.0,316.0,199.0,117.0,2.0,8.92,0.18,6.91,ARI,2020
3,Sun,September 27,4:25PM ET,boxscore,L,,2-1,,Detroit Lions,23.0,26.0,28.0,377.0,268.0,109.0,3.0,22.0,322.0,232.0,90.0,,8.07,-8.15,-2.46,ARI,2020
4,Sun,October 4,1:00PM ET,boxscore,L,,2-2,@,Carolina Panthers,21.0,31.0,21.0,262.0,133.0,129.0,1.0,30.0,444.0,276.0,168.0,1.0,8.53,-23.36,3.47,ARI,2020
5,Sun,October 11,1:00PM ET,boxscore,W,,3-2,@,New York Jets,30.0,10.0,28.0,496.0,369.0,127.0,1.0,21.0,285.0,162.0,123.0,,17.2,4.27,-3.61,ARI,2020
6,Mon,October 19,8:15PM ET,boxscore,W,,4-2,@,Dallas Cowboys,38.0,10.0,22.0,438.0,177.0,261.0,,27.0,344.0,247.0,97.0,4.0,23.56,3.91,-0.53,ARI,2020
7,Sun,October 25,8:20PM ET,boxscore,W,OT,5-2,,Seattle Seahawks,37.0,34.0,31.0,519.0,360.0,159.0,2.0,33.0,572.0,372.0,200.0,3.0,13.97,-11.75,0.78,ARI,2020
8,,,,,,,,,Bye Week,,,,,,,,,,,,,,,,ARI,2020
9,Sun,November 8,4:25PM ET,boxscore,L,,5-3,,Miami Dolphins,31.0,34.0,26.0,442.0,264.0,178.0,1.0,24.0,312.0,221.0,91.0,,17.94,-15.28,-6.36,ARI,2020
10,Sun,November 15,4:05PM ET,boxscore,W,,6-3,,Buffalo Bills,32.0,30.0,26.0,453.0,236.0,217.0,2.0,22.0,369.0,296.0,73.0,2.0,8.17,-3.67,-4.77,ARI,2020
11,Thu,November 19,8:20PM ET,boxscore,L,,6-4,@,Seattle Seahawks,21.0,28.0,24.0,314.0,257.0,57.0,,22.0,347.0,182.0,165.0,,8.96,-16.03,-0.39,ARI,2020
12,Sun,November 29,1:00PM ET,boxscore,L,,6-5,@,New England Patriots,17.0,20.0,23.0,298.0,160.0,138.0,1.0,16.0,179.0,69.0,110.0,2.0,0.0,4.68,-9.06,ARI,2020
13,Sun,December 6,4:05PM ET,boxscore,L,,6-6,,Los Angeles Rams,28.0,38.0,18.0,232.0,140.0,92.0,2.0,30.0,463.0,344.0,119.0,1.0,-0.6,-18.92,6.43,ARI,2020
14,Sun,December 13,1:00PM ET,boxscore,W,,7-6,@,New York Giants,26.0,7.0,22.0,390.0,231.0,159.0,,10.0,159.0,81.0,78.0,3.0,1.35,18.89,1.81,ARI,2020
15,Sun,December 20,4:05PM ET,boxscore,W,,8-6,,Philadelphia Eagles,33.0,26.0,26.0,526.0,423.0,103.0,3.0,26.0,422.0,305.0,117.0,,4.72,-10.01,12.58,ARI,2020
16,Sat,December 26,4:30PM ET,boxscore,L,,8-7,,San Francisco 49ers,12.0,20.0,20.0,350.0,230.0,120.0,2.0,22.0,398.0,171.0,227.0,1.0,-10.15,-9.69,10.68,ARI,2020
17,Sun,January 3,4:25PM ET,boxscore,L,,8-8,@,Los Angeles Rams,7.0,18.0,15.0,214.0,166.0,48.0,1.0,21.0,333.0,223.0,110.0,2.0,-13.48,6.77,-2.44,ARI,2020
