week_num,game_day_of_week,game_date,game_time,boxscore_word,game_outcome,overtime,team_record,game_location,opp,pts_off,pts_def,first_down_off,yards_off,pass_yds_off,rush_yds_off,to_off,first_down_def,yards_def,pass_yds_def,rush_yds_def,to_def,exp_pts_off,exp_pts_def,exp_pts_st,team,year
1,Sun,September 8,1:00PM ET,boxscore,W,,1-0,@,Cincinnati Bengals,16.0,10.0,17.0,290.0,120.0,170.0,,13.0,224.0,154.0,70.0,2.0,0.36,3.62,2.22,NWE,2024
2,Sun,September 15,1:00PM ET,boxscore,L,OT,1-1,,Seattle Seahawks,20.0,23.0,19.0,310.0,125.0,185.0,,18.0,358.0,312.0,46.0,,3.42,-7.65,1.23,NWE,2024
3,Thu,September 19,8:15PM ET,boxscore,L,,1-2,@,New York Jets,3.0,24.0,11.0,139.0,61.0,78.0,1.0,27.0,400.0,267.0,133.0,,-8.75,-18.8,11.93,NWE,2024
4,Sun,September 29,4:05PM ET,boxscore,L,,1-3,@,San Francisco 49ers,13.0,30.0,12.0,216.0,143.0,73.0,3.0,19.0,431.0,283.0,148.0,2.0,-24.17,-11.48,16.28,NWE,2024
5,Sun,October 6,1:00PM ET,boxscore,L,,1-4,,Miami Dolphins,10.0,15.0,15.0,299.0,148.0,151.0,,24.0,372.0,179.0,193.0,2.0,-7.94,5.25,0.91,NWE,2024
6,Sun,October 13,1:00PM ET,boxscore,L,,1-5,,Houston Texans,21.0,41.0,17.0,291.0,209.0,82.0,4.0,20.0,368.0,176.0,192.0,1.0,-10.73,-11.04,3.82,NWE,2024
7,Sun,October 20,9:30AM ET,boxscore,L,,1-6,@,Jacksonville Jaguars,16.0,32.0,17.0,295.0,257.0,38.0,,23.0,364.0,193.0,171.0,,3.61,-17.6,0.01,NWE,2024
8,Sun,October 27,1:00PM ET,boxscore,W,,2-6,,New York Jets,25.0,22.0,19.0,248.0,136.0,112.0,,22.0,336.0,224.0,112.0,,5.93,-14.41,7.05,NWE,2024
9,Sun,November 3,1:00PM ET,boxscore,L,OT,2-7,@,Tennessee Titans,17.0,20.0,20.0,295.0,185.0,110.0,3.0,24.0,400.0,233.0,167.0,1.0,-5.06,-5.69,5.69,NWE,2024
10,Sun,November 10,1:00PM ET,boxscore,W,,3-7,@,Chicago Bears,19.0,3.0,16.0,328.0,184.0,144.0,1.0,11.0,142.0,69.0,73.0,,0.04,20.08,-2.41,NWE,2024
11,Sun,November 17,1:00PM ET,boxscore,L,,3-8,,Los Angeles Rams,22.0,28.0,26.0,382.0,257.0,125.0,2.0,19.0,402.0,295.0,107.0,,10.52,-19.37,2.87,NWE,2024
12,Sun,November 24,1:00PM ET,boxscore,L,,3-9,@,Miami Dolphins,15.0,34.0,14.0,269.0,183.0,86.0,2.0,23.0,373.0,308.0,65.0,1.0,-16.92,-2.5,0.2,NWE,2024
13,Sun,December 1,1:00PM ET,boxscore,L,,3-10,,Indianapolis Colts,24.0,25.0,23.0,422.0,222.0,200.0,1.0,20.0,253.0,109.0,144.0,2.0,12.16,-8.79,-2.11,NWE,2024
14,,,,,,,,,Bye Week,,,,,,,,,,,,,,,,NWE,2024
15,Sun,December 15,4:25PM ET,boxscore,L,,3-11,@,Arizona Cardinals,17.0,30.0,17.0,311.0,195.0,116.0,1.0,21.0,395.0,232.0,163.0,,5.28,-18.68,-2.63,NWE,2024
16,Sun,December 22,4:25PM ET,boxscore,L,,3-12,@,Buffalo Bills,21.0,24.0,28.0,379.0,253.0,126.0,3.0,19.0,324.0,152.0,172.0,1.0,7.45,-8.51,-1.61,NWE,2024
17,Sat,December 28,1:00PM ET,boxscore,L,,3-13,,Los Angeles Chargers,7.0,40.0,11.0,181.0,85.0,96.0,1.0,29.0,428.0,281.0,147.0,,-14.04,-24.19,10.62,NWE,2024
18,Sun,January 5,1:00PM ET,boxscore,W,,4-13,,Buffalo Bills,23.0,16.0,19.0,309.0,232.0,77.0,1.0,16.0,259.0,129.0,130.0,,-0.12,6.28,0.35,NWE,2024
1,Sun,September 8,1:00PM ET,boxscore,W,,1-0,,Arizona Cardinals,34.0,28.0,23.0,352.0,222.0,130.0,1.0,18.0,270.0,146.0,124.0,1.0,13.51,-3.22,-2.25,BUF,2024
2,Thu,September 12,8:15PM ET,boxscore,W,,2-0,@,Miami Dolphins,31.0,10.0,13.0,247.0,139.0,108.0,,20.0,351.0,212.0,139.0,3.0,8.59,14.11,-2.53,BUF,2024
3,Mon,September 23,7:30PM ET,boxscore,W,,3-0,,Jacksonville Jaguars,47.0,10.0,25.0,388.0,266.0,122.0,,19.0,239.0,147.0,92.0,2.0,28.39,12.44,-6.15,BUF,2024
4,Sun,September 29,8:20PM ET,boxscore,L,,3-1,@,Baltimore Ravens,10.0,35.0,12.0,236.0,155.0,81.0,1.0,22.0,427.0,156.0,271.0,1.0,-6.92,-19.69,2.37,BUF,2024
5,Sun,October 6,1:00PM ET,boxscore,L,,3-2,@,Houston Texans,20.0,23.0,16.0,276.0,126.0,150.0,,18.0,425.0,331.0,94.0,2.0,-1.59,0.68,-2.09,BUF,2024
6,Mon,October 14,8:15PM ET,boxscore,W,,4-2,@,New York Jets,23.0,20.0,24.0,359.0,210.0,149.0,,20.0,393.0,272.0,121.0,1.0,14.9,-13.81,0.34,BUF,2024
7,Sun,October 20,1:00PM ET,boxscore,W,,5-2,,Tennessee Titans,34.0,10.0,18.0,389.0,315.0,74.0,,18.0,289.0,200.0,89.0,2.0,15.86,12.71,-4.4,BUF,2024
8,Sun,October 27,4:05PM ET,boxscore,W,,6-2,@,Seattle Seahawks,31.0,10.0,29.0,445.0,281.0,164.0,1.0,17.0,233.0,201.0,32.0,2.0,16.41,8.68,-2.1,BUF,2024
9,Sun,November 3,1:00PM ET,boxscore,W,,7-2,,Miami Dolphins,30.0,27.0,24.0,325.0,231.0,94.0,1.0,26.0,373.0,224.0,149.0,1.0,13.82,-15.8,6.12,BUF,2024
10,Sun,November 10,1:00PM ET,boxscore,W,,8-2,@,Indianapolis Colts,30.0,20.0,21.0,415.0,280.0,135.0,2.0,19.0,361.0,240.0,121.0,4.0,4.88,6.55,-1.17,BUF,2024
11,Sun,November 17,4:25PM ET,boxscore,W,,9-2,,Kansas City Chiefs,30.0,21.0,24.0,366.0,262.0,104.0,1.0,19.0,259.0,181.0,78.0,2.0,14.81,-6.03,-0.41,BUF,2024
12,,,,,,,,,Bye Week,,,,,,,,,,,,,,,,BUF,2024
13,Sun,December 1,8:20PM ET,boxscore,W,,10-2,,San Francisco 49ers,35.0,10.0,20.0,372.0,152.0,220.0,,15.0,239.0,86.0,153.0,3.0,19.2,5.31,-0.58,BUF,2024
14,Sun,December 8,4:25PM ET,boxscore,L,,10-3,@,Los Angeles Rams,42.0,44.0,25.0,445.0,342.0,103.0,,28.0,457.0,320.0,137.0,,31.07,-29.74,-8.6,BUF,2024
15,Sun,December 15,4:25PM ET,boxscore,W,,11-3,@,Detroit Lions,48.0,42.0,28.0,559.0,362.0,197.0,,30.0,521.0,473.0,48.0,1.0,32.07,-26.61,4.46,BUF,2024
16,Sun,December 22,4:25PM ET,boxscore,W,,12-3,,New England Patriots,24.0,21.0,19.0,324.0,152.0,172.0,1.0,28.0,379.0,253.0,126.0,3.0,8.51,-7.45,1.61,BUF,2024
17,Sun,December 29,1:00PM ET,boxscore,W,,13-3,,New York Jets,40.0,14.0,23.0,348.0,251.0,97.0,,20.0,281.0,169.0,112.0,3.0,14.14,10.4,1.56,BUF,2024
18,Sun,January 5,1:00PM ET,boxscore,L,,13-4,@,New England Patriots,16.0,23.0,16.0,259.0,129.0,130.0,,19.0,309.0,232.0,77.0,1.0,-6.28,0.12,-0.35,BUF,2024
,,Playoffs,,,,,,,,,,,,,,,,,,,,,,,BUF,2024
Wild Card,Sun,January 12,1:00PM ET,boxscore,W,,14-4,,Denver Broncos,31.0,7.0,26.0,471.0,261.0,210.0,,13.0,224.0,145.0,79.0,,22.62,2.04,-0.62,BUF,2024
Division,Sun,January 19,6:30PM ET,boxscore,W,,15-4,,Baltimore Ravens,27.0,25.0,20.0,273.0,126.0,147.0,,23.0,416.0,240.0,176.0,3.0,10.81,-8.37,3.18,BUF,2024
Conf. Champ.,Sun,January 26,6:30PM ET,boxscore,L,,15-5,@,Kansas City Chiefs,29.0,32.0,22.0,374.0,227.0,147.0,,28.0,368.0,233.0,135.0,1.0,11.91,-18.77,1.26,BUF,2024
1,Sun,September 8,1:00PM ET,boxscore,W,,1-0,,Jacksonville Jaguars,20.0,17.0,18.0,400.0,319.0,81.0,,17.0,267.0,139.0,128.0,1.0,5.83,4.76,-7.59,MIA,2024
2,Thu,September 12,8:15PM ET,boxscore,L,,1-1,,Buffalo Bills,10.0,31.0,20.0,351.0,212.0,139.0,3.0,13.0,247.0,139.0,108.0,,-14.11,-8.59,2.53,MIA,2024
3,Sun,September 22,4:05PM ET,boxscore,L,,1-2,@,Seattle Seahawks,3.0,24.0,13.0,205.0,140.0,65.0,,21.0,370.0,270.0,100.0,2.0,-20.39,-0.77,1.24,MIA,2024
4,Mon,September 30,7:30PM ET,boxscore,L,,1-3,,Tennessee Titans,12.0,31.0,13.0,184.0,78.0,106.0,1.0,16.0,244.0,102.0,142.0,1.0,-18.65,4.49,-4.18,MIA,2024
5,Sun,October 6,1:00PM ET,boxscore,W,,2-3,@,New England Patriots,15.0,10.0,24.0,372.0,179.0,193.0,2.0,15.0,299.0,148.0,151.0,,-5.25,7.94,-0.91,MIA,2024
6,,,,,,,,,Bye Week,,,,,,,,,,,,,,,,MIA,2024
7,Sun,October 20,1:00PM ET,boxscore,L,,2-4,@,Indianapolis Colts,10.0,16.0,18.0,337.0,149.0,188.0,2.0,16.0,284.0,129.0,155.0,1.0,-11.55,5.79,-0.7,MIA,2024
8,Sun,October 27,1:00PM ET,boxscore,L,,2-5,,Arizona Cardinals,27.0,28.0,22.0,377.0,227.0,150.0,,22.0,389.0,307.0,82.0,,17.63,-12.76,-3.43,MIA,2024
9,Sun,November 3,1:00PM ET,boxscore,L,,2-6,@,Buffalo Bills,27.0,30.0,26.0,373.0,224.0,149.0,1.0,24.0,325.0,231.0,94.0,1.0,15.8,-13.82,-6.12,MIA,2024
10,Mon,November 11,8:15PM ET,boxscore,W,,3-6,@,Los Angeles Rams,23.0,15.0,15.0,238.0,171.0,67.0,2.0,20.0,327.0,257.0,70.0,2.0,-2.5,8.9,3.64,MIA,2024
11,Sun,November 17,1:00PM ET,boxscore,W,,4-6,,Las Vegas Raiders,34.0,19.0,25.0,353.0,271.0,82.0,,22.0,328.0,268.0,60.0,1.0,25.84,-7.86,-3.17,MIA,2024
12,Sun,November 24,1:00PM ET,boxscore,W,,5-6,,New England Patriots,34.0,15.0,23.0,373.0,308.0,65.0,1.0,14.0,269.0,183.0,86.0,2.0,2.5,16.92,-0.2,MIA,2024
13,Thu,November 28,8:20PM ET,boxscore,L,,5-7,@,Green Bay Packers,17.0,30.0,21.0,375.0,336.0,39.0,1.0,19.0,388.0,274.0,114.0,,1.74,-14.75,-2.71,MIA,2024
14,Sun,December 8,1:00PM ET,boxscore,W,OT,6-7,,New York Jets,32.0,26.0,28.0,375.0,331.0,44.0,,23.0,402.0,319.0,83.0,,16.4,-14.47,1.8,MIA,2024
15,Sun,December 15,1:00PM ET,boxscore,L,,6-8,@,Houston Texans,12.0,20.0,18.0,224.0,172.0,52.0,4.0,12.0,181.0,104.0,77.0,1.0,-15.14,7.91,-0.51,MIA,2024
16,Sun,December 22,4:25PM ET,boxscore,W,,7-8,,San Francisco 49ers,29.0,17.0,21.0,381.0,215.0,166.0,,20.0,374.0,293.0,81.0,1.0,11.08,-3.96,3.97,MIA,2024
17,Sun,December 29,4:05PM ET,boxscore,W,,8-8,@,Cleveland Browns,20.0,3.0,18.0,280.0,206.0,74.0,,18.0,276.0,162.0,114.0,2.0,-4.5,23.73,-2.96,MIA,2024
18,Sun,January 5,4:25PM ET,boxscore,L,,8-9,@,New York Jets,20.0,32.0,21.0,334.0,199.0,135.0,4.0,22.0,375.0,257.0,118.0,1.0,-4.67,-9.16,4.05,MIA,2024
1,Mon,September 9,8:15PM ET,boxscore,L,,0-1,@,San Francisco 49ers,19.0,32.0,14.0,266.0,198.0,68.0,2.0,24.0,401.0,221.0,180.0,,-2.83,-11.24,-0.93,NYJ,2024
2,Sun,September 15,1:00PM ET,boxscore,W,,1-1,@,Tennessee Titans,24.0,17.0,16.0,265.0,164.0,101.0,,20.0,300.0,170.0,130.0,2.0,5.83,-1.62,1.94,NYJ,2024
3,Thu,September 19,8:15PM ET,boxscore,W,,2-1,,New England Patriots,24.0,3.0,27.0,400.0,267.0,133.0,,11.0,139.0,61.0,78.0,1.0,18.8,8.75,-11.93,NYJ,2024
4,Sun,September 29,1:00PM ET,boxscore,L,,2-2,,Denver Broncos,9.0,10.0,16.0,248.0,184.0,64.0,1.0,12.0,186.0,60.0,126.0,1.0,-17.17,15.24,1.09,NYJ,2024
5,Sun,October 6,9:30AM ET,boxscore,L,,2-3,@,Minnesota Vikings,17.0,23.0,17.0,254.0,218.0,36.0,3.0,17.0,253.0,171.0,82.0,2.0,-20.2,11.27,6.06,NYJ,2024
6,Mon,October 14,8:15PM ET,boxscore,L,,2-4,,Buffalo Bills,20.0,23.0,20.0,393.0,272.0,121.0,1.0,24.0,359.0,210.0,149.0,,13.81,-14.9,-0.34,NYJ,2024
7,Sun,October 20,8:20PM ET,boxscore,L,,2-5,@,Pittsburgh Steelers,15.0,37.0,17.0,323.0,269.0,54.0,2.0,21.0,409.0,260.0,149.0,,-3.83,-16.09,-1.12,NYJ,2024
8,Sun,October 27,1:00PM ET,boxscore,L,,2-6,@,New England Patriots,22.0,25.0,22.0,336.0,224.0,112.0,,19.0,248.0,136.0,112.0,,14.41,-5.93,-7.05,NYJ,2024
9,Thu,October 31,8:15PM ET,boxscore,W,,3-6,,Houston Texans,21.0,13.0,17.0,293.0,193.0,100.0,1.0,21.0,322.0,135.0,187.0,1.0,7.0,2.89,0.61,NYJ,2024
10,Sun,November 10,4:25PM ET,boxscore,L,,3-7,@,Arizona Cardinals,6.0,31.0,17.0,207.0,128.0,79.0,1.0,28.0,406.0,259.0,147.0,,-2.78,-30.29,6.95,NYJ,2024
11,Sun,November 17,1:00PM ET,boxscore,L,,3-8,,Indianapolis Colts,27.0,28.0,10.0,253.0,162.0,91.0,,18.0,332.0,241.0,91.0,1.0,-2.47,-0.71,1.15,NYJ,2024
12,,,,,,,,,Bye Week,,,,,,,,,,,,,,,,NYJ,2024
13,Sun,December 1,1:00PM ET,boxscore,L,,3-9,,Seattle Seahawks,21.0,26.0,17.0,258.0,169.0,89.0,2.0,16.0,259.0,175.0,84.0,2.0,-14.98,-6.51,14.94,NYJ,2024
14,Sun,December 8,1:00PM ET,boxscore,L,OT,3-10,@,Miami Dolphins,26.0,32.0,23.0,402.0,319.0,83.0,,28.0,375.0,331.0,44.0,,14.47,-16.4,-1.8,NYJ,2024
15,Sun,December 15,1:00PM ET,boxscore,W,,4-10,@,Jacksonville Jaguars,32.0,25.0,22.0,400.0,275.0,125.0,,27.0,421.0,285.0,136.0,2.0,23.94,-14.36,-3.35,NYJ,2024
16,Sun,December 22,1:00PM ET,boxscore,L,,4-11,,Los Angeles Rams,9.0,19.0,17.0,321.0,246.0,75.0,2.0,17.0,242.0,110.0,132.0,1.0,-3.81,-3.87,-4.63,NYJ,2024
17,Sun,December 29,1:00PM ET,boxscore,L,,4-12,@,Buffalo Bills,14.0,40.0,20.0,281.0,169.0,112.0,3.0,23.0,348.0,251.0,97.0,,-10.4,-14.14,-1.56,NYJ,2024
18,Sun,January 5,4:25PM ET,boxscore,W,,5-12,,Miami Dolphins,32.0,20.0,22.0,375.0,257.0,118.0,1.0,21.0,334.0,199.0,135.0,4.0,9.16,4.67,-4.05,NYJ,2024
1,Sun,September 8,1:00PM ET,boxscore,W,,1-0,@,Atlanta Falcons,18.0,10.0,16.0,270.0,133.0,137.0,,15.0,226.0,137.0,89.0,3.0,-6.25,13.7,2.05,PIT,2024
2,Sun,September 15,4:25PM ET,boxscore,W,,2-0,@,Denver Broncos,13.0,6.0,16.0,251.0,110.0,141.0,,13.0,295.0,231.0,64.0,2.0,-1.2,6.86,-1.25,PIT,2024
3,Sun,September 22,1:00PM ET,boxscore,W,,3-0,,Los Angeles Chargers,20.0,10.0,20.0,346.0,232.0,114.0,1.0,10.0,166.0,105.0,61.0,,10.48,6.58,-4.19,PIT,2024
4,Sun,September 29,1:00PM ET,boxscore,L,,3-1,@,Indianapolis Colts,24.0,27.0,23.0,404.0,282.0,122.0,2.0,22.0,358.0,225.0,133.0,,2.8,-12.91,4.94,PIT,2024
5,Sun,October 6,8:20PM ET,boxscore,L,,3-2,,Dallas Cowboys,17.0,20.0,17.0,226.0,134.0,92.0,1.0,25.0,445.0,336.0,109.0,3.0,2.75,-11.22,2.98,PIT,2024
6,Sun,October 13,4:05PM ET,boxscore,W,,4-2,@,Las Vegas Raiders,32.0,13.0,18.0,293.0,110.0,183.0,,16.0,275.0,218.0,57.0,3.0,1.93,9.91,7.51,PIT,2024
7,Sun,October 20,8:20PM ET,boxscore,W,,5-2,,New York Jets,37.0,15.0,21.0,409.0,260.0,149.0,,17.0,323.0,269.0,54.0,2.0,16.09,3.83,1.12,PIT,2024
8,Mon,October 28,8:15PM ET,boxscore,W,,6-2,,New York Giants,26.0,18.0,20.0,426.0,259.0,167.0,1.0,17.0,394.0,237.0,157.0,2.0,6.78,3.87,-0.04,PIT,2024
9,,,,,,,,,Bye Week,,,,,,,,,,,,,,,,PIT,2024
10,Sun,November 10,1:00PM ET,boxscore,W,,7-2,@,Washington Commanders,28.0,27.0,21.0,312.0,172.0,140.0,2.0,19.0,242.0,182.0,60.0,1.0,4.39,-0.18,-1.86,PIT,2024
11,Sun,November 17,1:00PM ET,boxscore,W,,8-2,,Baltimore Ravens,18.0,16.0,18.0,303.0,181.0,122.0,1.0,16.0,329.0,205.0,124.0,3.0,-14.52,6.69,10.67,PIT,2024
12,Thu,November 21,8:15PM ET,boxscore,L,,8-3,@,Cleveland Browns,19.0,24.0,17.0,368.0,248.0,120.0,1.0,17.0,304.0,219.0,85.0,3.0,-1.41,-1.55,-1.69,PIT,2024
13,Sun,December 1,1:00PM ET,boxscore,W,,9-3,@,Cincinnati Bengals,44.0,38.0,28.0,520.0,410.0,110.0,1.0,25.0,375.0,282.0,93.0,3.0,23.17,-8.56,-6.73,PIT,2024
14,Sun,December 8,1:00PM ET,boxscore,W,,10-3,,Cleveland Browns,27.0,14.0,15.0,267.0,147.0,120.0,1.0,20.0,300.0,196.0,104.0,3.0,-3.82,8.83,12.07,PIT,2024
15,Sun,December 15,4:25PM ET,boxscore,L,,10-4,@,Philadelphia Eagles,13.0,27.0,10.0,163.0,107.0,56.0,1.0,26.0,401.0,270.0,131.0,2.0,-10.72,-11.49,5.74,PIT,2024
16,Sat,December 21,4:30PM ET,boxscore,L,,10-5,@,Baltimore Ravens,17.0,34.0,19.0,315.0,198.0,117.0,2.0,25.0,418.0,198.0,220.0,1.0,-7.26,-12.85,5.6,PIT,2024
17,Wed,December 25,1:00PM ET,boxscore,L,,10-6,,Kansas City Chiefs,10.0,29.0,23.0,364.0,162.0,202.0,2.0,20.0,389.0,320.0,69.0,,-3.8,-12.44,4.01,PIT,2024
18,Sat,January 4,8:00PM ET,boxscore,L,,10-7,,Cincinnati Bengals,17.0,19.0,16.0,193.0,119.0,74.0,1.0,21.0,314.0,246.0,68.0,2.0,-8.27,2.49,0.72,PIT,2024
,,Playoffs,,,,,,,,,,,,,,,,,,,,,,,PIT,2024
Wild Card,Sat,January 11,8:00PM ET,boxscore,L,,10-8,@,Baltimore Ravens,14.0,28.0,11.0,280.0,251.0,29.0,,29.0,464.0,165.0,299.0,,2.8,-26.45,5.97,PIT,2024
1,Thu,September 5,8:20PM ET,boxscore,L,,0-1,@,Kansas City Chiefs,20.0,27.0,25.0,452.0,267.0,185.0,1.0,21.0,353.0,281.0,72.0,1.0,9.42,-11.81,-2.11,BAL,2024
2,Sun,September 15,1:00PM ET,boxscore,L,,0-2,,Las Vegas Raiders,23.0,26.0,21.0,383.0,232.0,151.0,1.0,18.0,260.0,233.0,27.0,1.0,6.12,0.5,-6.24,BAL,2024
3,Sun,September 22,4:25PM ET,boxscore,W,,1-2,@,Dallas Cowboys,28.0,25.0,24.0,456.0,182.0,274.0,,26.0,412.0,361.0,51.0,1.0,20.98,-8.34,-5.94,BAL,2024
4,Sun,September 29,8:20PM ET,boxscore,W,,2-2,,Buffalo Bills,35.0,10.0,22.0,427.0,156.0,271.0,1.0,12.0,236.0,155.0,81.0,1.0,19.69,6.92,-2.37,BAL,2024
5,Sun,October 6,1:00PM ET,boxscore,W,OT,3-2,@,Cincinnati Bengals,41.0,38.0,30.0,520.0,345.0,175.0,1.0,23.0,442.0,371.0,71.0,1.0,24.97,-19.24,-2.47,BAL,2024
6,Sun,October 13,1:00PM ET,boxscore,W,,4-2,,Washington Commanders,30.0,23.0,28.0,484.0,308.0,176.0,1.0,18.0,305.0,253.0,52.0,,20.33,-9.5,-3.41,BAL,2024
7,Mon,October 21,8:15PM ET,boxscore,W,,5-2,@,Tampa Bay Buccaneers,41.0,31.0,22.0,508.0,264.0,244.0,1.0,28.0,481.0,356.0,125.0,2.0,23.15,-13.75,0.41,BAL,2024
8,Sun,October 27,1:00PM ET,boxscore,L,,5-3,@,Cleveland Browns,24.0,29.0,22.0,387.0,263.0,124.0,,22.0,401.0,321.0,80.0,1.0,9.18,-9.15,-3.48,BAL,2024
9,Sun,November 3,1:00PM ET,boxscore,W,,6-3,,Denver Broncos,41.0,10.0,25.0,396.0,269.0,127.0,,20.0,319.0,197.0,122.0,1.0,23.6,7.44,-2.92,BAL,2024
10,Thu,November 7,8:15PM ET,boxscore,W,,7-3,,Cincinnati Bengals,35.0,34.0,20.0,389.0,290.0,99.0,,27.0,470.0,421.0,49.0,1.0,18.95,-18.28,4.77,BAL,2024
11,Sun,November 17,1:00PM ET,boxscore,L,,7-4,@,Pittsburgh Steelers,16.0,18.0,16.0,329.0,205.0,124.0,3.0,18.0,303.0,181.0,122.0,1.0,-6.69,14.52,-10.67,BAL,2024
12,Mon,November 25,8:15PM ET,boxscore,W,,8-4,@,Los Angeles Chargers,30.0,23.0,19.0,389.0,177.0,212.0,,19.0,285.0,202.0,83.0,,17.12,-8.34,-1.62,BAL,2024
13,Sun,December 1,4:25PM ET,boxscore,L,,8-5,,Philadelphia Eagles,19.0,24.0,24.0,372.0,206.0,166.0,,17.0,252.0,112.0,140.0,,4.59,-3.39,-8.57,BAL,2024
14,,,,,,,,,Bye Week,,,,,,,,,,,,,,,,BAL,2024
15,Sun,December 15,1:00PM ET,boxscore,W,,9-5,@,New York Giants,35.0,14.0,25.0,445.0,275.0,170.0,1.0,19.0,236.0,181.0,55.0,1.0,25.89,-2.16,2.1,BAL,2024
16,Sat,December 21,4:30PM ET,boxscore,W,,10-5,,Pittsburgh Steelers,34.0,17.0,25.0,418.0,198.0,220.0,1.0,19.0,315.0,198.0,117.0,2.0,12.85,7.26,-5.6,BAL,2024
17,Wed,December 25,4:30PM ET,boxscore,W,,11-5,@,Houston Texans,31.0,2.0,25.0,432.0,181.0,251.0,,10.0,211.0,153.0,58.0,1.0,21.65,13.7,-6.24,BAL,2024
18,Sat,January 4,4:30PM ET,boxscore,W,,12-5,,Cleveland Browns,35.0,10.0,20.0,437.0,217.0,220.0,,13.0,230.0,174.0,56.0,2.0,14.19,17.79,-4.39,BAL,2024
,,Playoffs,,,,,,,,,,,,,,,,,,,,,,,BAL,2024
Wild Card,Sat,January 11,8:00PM ET,boxscore,W,,13-5,,Pittsburgh Steelers,28.0,14.0,29.0,464.0,165.0,299.0,,11.0,280.0,251.0,29.0,,26.45,-2.8,-5.97,BAL,2024
Division,Sun,January 19,6:30PM ET,boxscore,L,,13-6,@,Buffalo Bills,25.0,27.0,23.0,416.0,240.0,176.0,3.0,20.0,273.0,126.0,147.0,,8.37,-10.81,-3.18,BAL,2024
1,Sun,September 8,1:00PM ET,boxscore,L,,0-1,,New England Patriots,10.0,16.0,13.0,224.0,154.0,70.0,2.0,17.0,290.0,120.0,170.0,,-3.62,-0.36,-2.22,CIN,2024
2,Sun,September 15,4:25PM ET,boxscore,L,,0-2,@,Kansas City Chiefs,25.0,26.0,18.0,320.0,246.0,74.0,1.0,19.0,286.0,137.0,149.0,3.0,0.29,-0.08,-0.99,CIN,2024
3,Mon,September 23,8:15PM ET,boxscore,L,,0-3,,Washington Commanders,33.0,38.0,30.0,436.0,312.0,124.0,,22.0,356.0,248.0,108.0,,27.31,-27.28,-8.79,CIN,2024
4,Sun,September 29,1:00PM ET,boxscore,W,,1-3,@,Carolina Panthers,34.0,24.0,24.0,373.0,232.0,141.0,1.0,24.0,375.0,220.0,155.0,1.0,13.19,-6.2,0.49,CIN,2024
5,Sun,October 6,1:00PM ET,boxscore,L,OT,1-4,,Baltimore Ravens,38.0,41.0,23.0,442.0,371.0,71.0,1.0,30.0,520.0,345.0,175.0,1.0,19.24,-24.97,2.47,CIN,2024
6,Sun,October 13,8:20PM ET,boxscore,W,,2-4,@,New York Giants,17.0,7.0,13.0,304.0,183.0,121.0,1.0,24.0,309.0,190.0,119.0,1.0,-0.57,2.73,8.07,CIN,2024
7,Sun,October 20,1:00PM ET,boxscore,W,,3-4,@,Cleveland Browns,21.0,14.0,12.0,223.0,164.0,59.0,,18.0,336.0,259.0,77.0,2.0,-10.0,10.33,8.5,CIN,2024
8,Sun,October 27,1:00PM ET,boxscore,L,,3-5,,Philadelphia Eagles,17.0,37.0,18.0,280.0,222.0,58.0,2.0,24.0,397.0,236.0,161.0,,5.05,-20.95,-3.99,CIN,2024
9,Sun,November 3,1:00PM ET,boxscore,W,,4-5,,Las Vegas Raiders,41.0,24.0,26.0,373.0,243.0,130.0,1.0,16.0,217.0,157.0,60.0,2.0,12.75,10.19,-7.06,CIN,2024
10,Thu,November 7,8:15PM ET,boxscore,L,,4-6,@,Baltimore Ravens,34.0,35.0,27.0,470.0,421.0,49.0,1.0,20.0,389.0,290.0,99.0,,18.28,-18.95,-4.77,CIN,2024
11,Sun,November 17,8:20PM ET,boxscore,L,,4-7,@,Los Angeles Chargers,27.0,34.0,24.0,452.0,342.0,110.0,,24.0,435.0,280.0,155.0,1.0,14.21,-16.01,-3.71,CIN,2024
12,,,,,,,,,Bye Week,,,,,,,,,,,,,,,,CIN,2024
13,Sun,December 1,1:00PM ET,boxscore,L,,4-8,,Pittsburgh Steelers,38.0,44.0,25.0,375.0,282.0,93.0,3.0,28.0,520.0,410.0,110.0,1.0,8.56,-23.17,6.73,CIN,2024
14,Mon,December 9,8:15PM ET,boxscore,W,,5-8,@,Dallas Cowboys,27.0,20.0,23.0,433.0,359.0,74.0,1.0,17.0,322.0,166.0,156.0,2.0,10.83,-0.91,-2.06,CIN,2024
15,Sun,December 15,1:00PM ET,boxscore,W,,6-8,@,Tennessee Titans,37.0,27.0,24.0,370.0,269.0,101.0,4.0,25.0,374.0,291.0,83.0,6.0,12.25,1.11,-5.63,CIN,2024
16,Sun,December 22,1:00PM ET,boxscore,W,,7-8,,Cleveland Browns,24.0,6.0,21.0,326.0,210.0,116.0,1.0,18.0,273.0,125.0,148.0,3.0,6.78,12.37,0.89,CIN,2024
17,Sat,December 28,4:30PM ET,boxscore,W,OT,8-8,,Denver Broncos,30.0,24.0,34.0,499.0,384.0,115.0,1.0,19.0,329.0,206.0,123.0,1.0,18.79,-8.06,-4.41,CIN,2024
18,Sat,January 4,8:00PM ET,boxscore,W,,9-8,@,Pittsburgh Steelers,19.0,17.0,21.0,314.0,246.0,68.0,2.0,16.0,193.0,119.0,74.0,1.0,-2.49,8.27,-0.72,CIN,2024
1,Sun,September 8,4:25PM ET,boxscore,L,,0-1,,Dallas Cowboys,17.0,33.0,15.0,230.0,137.0,93.0,2.0,15.0,265.0,163.0,102.0,,-19.86,5.45,-3.02,CLE,2024
2,Sun,September 15,1:00PM ET,boxscore,W,,1-1,@,Jacksonville Jaguars,18.0,13.0,17.0,297.0,172.0,125.0,,18.0,323.0,196.0,127.0,,0.32,-6.78,8.92,CLE,2024
3,Sun,September 22,1:00PM ET,boxscore,L,,1-2,,New York Giants,15.0,21.0,16.0,217.0,148.0,69.0,2.0,21.0,340.0,228.0,112.0,2.0,-17.99,2.96,8.29,CLE,2024
4,Sun,September 29,4:25PM ET,boxscore,L,,1-3,@,Las Vegas Raiders,16.0,20.0,16.0,241.0,149.0,92.0,1.0,17.0,268.0,116.0,152.0,1.0,-6.26,4.09,1.12,CLE,2024
5,Sun,October 6,1:00PM ET,boxscore,L,,1-4,@,Washington Commanders,13.0,34.0,12.0,212.0,108.0,104.0,1.0,19.0,434.0,219.0,215.0,2.0,-16.08,-12.01,10.61,CLE,2024
6,Sun,October 13,1:00PM ET,boxscore,L,,1-5,@,Philadelphia Eagles,16.0,20.0,14.0,244.0,144.0,100.0,,19.0,372.0,256.0,116.0,,-4.19,-10.4,7.89,CLE,2024
7,Sun,October 20,1:00PM ET,boxscore,L,,1-6,,Cincinnati Bengals,14.0,21.0,18.0,336.0,259.0,77.0,2.0,12.0,223.0,164.0,59.0,,-10.33,10.0,-8.5,CLE,2024
8,Sun,October 27,1:00PM ET,boxscore,W,,2-6,,Baltimore Ravens,29.0,24.0,22.0,401.0,321.0,80.0,1.0,22.0,387.0,263.0,124.0,,9.15,-9.18,3.48,CLE,2024
9,Sun,November 3,1:00PM ET,boxscore,L,,2-7,,Los Angeles Chargers,10.0,27.0,21.0,292.0,213.0,79.0,3.0,13.0,342.0,246.0,96.0,,-16.12,-7.05,2.49,CLE,2024
10,,,,,,,,,Bye Week,,,,,,,,,,,,,,,,CLE,2024
11,Sun,November 17,1:00PM ET,boxscore,L,,2-8,@,New Orleans Saints,14.0,35.0,22.0,443.0,377.0,66.0,,19.0,473.0,259.0,214.0,2.0,4.8,-22.72,-3.0,CLE,2024
12,Thu,November 21,8:15PM ET,boxscore,W,,3-8,,Pittsburgh Steelers,24.0,19.0,17.0,304.0,219.0,85.0,3.0,17.0,368.0,248.0,120.0,1.0,1.55,1.41,1.69,CLE,2024
13,Mon,December 2,8:15PM ET,boxscore,L,,3-9,@,Denver Broncos,32.0,41.0,28.0,552.0,475.0,77.0,3.0,19.0,400.0,294.0,106.0,2.0,-1.27,-9.38,-1.39,CLE,2024
14,Sun,December 8,1:00PM ET,boxscore,L,,3-10,@,Pittsburgh Steelers,14.0,27.0,20.0,300.0,196.0,104.0,3.0,15.0,267.0,147.0,120.0,1.0,-8.83,3.82,-12.07,CLE,2024
15,Sun,December 15,1:00PM ET,boxscore,L,,3-11,,Kansas City Chiefs,7.0,21.0,16.0,266.0,127.0,139.0,6.0,18.0,311.0,179.0,132.0,,-22.38,4.31,0.74,CLE,2024
16,Sun,December 22,1:00PM ET,boxscore,L,,3-12,@,Cincinnati Bengals,6.0,24.0,18.0,273.0,125.0,148.0,3.0,21.0,326.0,210.0,116.0,1.0,-12.37,-6.78,-0.89,CLE,2024
17,Sun,December 29,4:05PM ET,boxscore,L,,3-13,,Miami Dolphins,3.0,20.0,18.0,276.0,162.0,114.0,2.0,18.0,280.0,206.0,74.0,,-23.73,4.5,2.96,CLE,2024
18,Sat,January 4,4:30PM ET,boxscore,L,,3-14,@,Baltimore Ravens,10.0,35.0,13.0,230.0,174.0,56.0,2.0,20.0,437.0,217.0,220.0,,-17.79,-14.19,4.39,CLE,2024
1,Sun,September 8,1:00PM ET,boxscore,L,,0-1,@,Miami Dolphins,17.0,20.0,17.0,267.0,139.0,128.0,1.0,18.0,400.0,319.0,81.0,,-4.76,-5.83,7.59,JAX,2024
2,Sun,September 15,1:00PM ET,boxscore,L,,0-2,,Cleveland Browns,13.0,18.0,18.0,323.0,196.0,127.0,,17.0,297.0,172.0,125.0,,6.78,-0.32,-8.92,JAX,2024
3,Mon,September 23,7:30PM ET,boxscore,L,,0-3,@,Buffalo Bills,10.0,47.0,19.0,239.0,147.0,92.0,2.0,25.0,388.0,266.0,122.0,,-12.44,-28.39,6.15,JAX,2024
4,Sun,September 29,1:00PM ET,boxscore,L,,0-4,@,Houston Texans,20.0,24.0,17.0,313.0,155.0,158.0,,26.0,435.0,334.0,101.0,1.0,-1.45,-14.04,9.28,JAX,2024
5,Sun,October 6,1:00PM ET,boxscore,W,,1-4,,Indianapolis Colts,37.0,34.0,20.0,497.0,371.0,126.0,2.0,25.0,447.0,348.0,99.0,1.0,17.27,-9.91,-1.32,JAX,2024
6,Sun,October 13,9:30AM ET,boxscore,L,,1-5,@,Chicago Bears,16.0,35.0,17.0,278.0,210.0,68.0,2.0,25.0,373.0,221.0,152.0,1.0,-4.25,-20.35,7.15,JAX,2024
7,Sun,October 20,9:30AM ET,boxscore,W,,2-5,,New England Patriots,32.0,16.0,23.0,364.0,193.0,171.0,,17.0,295.0,257.0,38.0,,17.6,-3.61,-0.01,JAX,2024
8,Sun,October 27,1:00PM ET,boxscore,L,,2-6,,Green Bay Packers,27.0,30.0,19.0,390.0,299.0,91.0,2.0,22.0,422.0,252.0,170.0,1.0,5.42,-10.14,1.46,JAX,2024
9,Sun,November 3,4:05PM ET,boxscore,L,,2-7,@,Philadelphia Eagles,23.0,28.0,14.0,215.0,155.0,60.0,3.0,21.0,447.0,210.0,237.0,1.0,-7.21,3.71,0.0,JAX,2024
10,Sun,November 10,1:00PM ET,boxscore,L,,2-8,,Minnesota Vikings,7.0,12.0,10.0,143.0,87.0,56.0,3.0,28.0,402.0,233.0,169.0,3.0,-12.24,1.19,5.31,JAX,2024
11,Sun,November 17,1:00PM ET,boxscore,L,,2-9,@,Detroit Lions,6.0,52.0,10.0,170.0,129.0,41.0,1.0,38.0,645.0,449.0,196.0,,-11.69,-48.7,11.65,JAX,2024
12,,,,,,,,,Bye Week,,,,,,,,,,,,,,,,JAX,2024
13,Sun,December 1,1:00PM ET,boxscore,L,,2-10,,Houston Texans,20.0,23.0,19.0,373.0,276.0,97.0,1.0,20.0,326.0,218.0,108.0,,5.91,-6.79,-5.8,JAX,2024
14,Sun,December 8,1:00PM ET,boxscore,W,,3-10,@,Tennessee Titans,10.0,6.0,16.0,291.0,220.0,71.0,2.0,17.0,272.0,146.0,126.0,,-1.81,9.43,-1.21,JAX,2024
15,Sun,December 15,1:00PM ET,boxscore,L,,3-11,,New York Jets,25.0,32.0,27.0,421.0,285.0,136.0,2.0,22.0,400.0,275.0,125.0,,14.36,-23.94,3.35,JAX,2024
16,Sun,December 22,4:25PM ET,boxscore,L,,3-12,@,Las Vegas Raiders,14.0,19.0,15.0,308.0,236.0,72.0,2.0,21.0,314.0,245.0,69.0,,-8.86,3.51,1.02,JAX,2024
17,Sun,December 29,1:00PM ET,boxscore,W,,4-12,,Tennessee Titans,20.0,13.0,18.0,295.0,173.0,122.0,,23.0,337.0,178.0,159.0,1.0,7.91,-3.03,2.11,JAX,2024
18,Sun,January 5,1:00PM ET,boxscore,L,OT,4-13,@,Indianapolis Colts,23.0,26.0,19.0,319.0,206.0,113.0,1.0,24.0,429.0,252.0,177.0,,3.34,-8.74,2.66,JAX,2024
1,Sun,September 8,1:00PM ET,boxscore,W,,1-0,@,Indianapolis Colts,29.0,27.0,26.0,417.0,204.0,213.0,,14.0,303.0,199.0,104.0,1.0,16.76,-7.56,-2.53,HOU,2024
2,Sun,September 15,8:20PM ET,boxscore,W,,2-0,,Chicago Bears,19.0,13.0,15.0,310.0,235.0,75.0,1.0,15.0,205.0,134.0,71.0,2.0,-7.01,13.71,0.27,HOU,2024
3,Sun,September 22,1:00PM ET,boxscore,L,,2-1,@,Minnesota Vikings,7.0,34.0,17.0,296.0,258.0,38.0,2.0,19.0,274.0,156.0,118.0,,-12.45,-12.18,-3.86,HOU,2024
4,Sun,September 29,1:00PM ET,boxscore,W,,3-1,,Jacksonville Jaguars,24.0,20.0,26.0,435.0,334.0,101.0,1.0,17.0,313.0,155.0,158.0,,14.04,1.45,-9.28,HOU,2024
5,Sun,October 6,1:00PM ET,boxscore,W,,4-1,,Buffalo Bills,23.0,20.0,18.0,425.0,331.0,94.0,2.0,16.0,276.0,126.0,150.0,,-0.68,1.59,2.09,HOU,2024
6,Sun,October 13,1:00PM ET,boxscore,W,,5-1,@,New England Patriots,41.0,21.0,20.0,368.0,176.0,192.0,1.0,17.0,291.0,209.0,82.0,4.0,11.04,10.73,-3.82,HOU,2024
7,Sun,October 20,1:00PM ET,boxscore,L,,5-2,@,Green Bay Packers,22.0,24.0,15.0,197.0,55.0,142.0,,18.0,277.0,195.0,82.0,3.0,-6.39,-3.05,5.98,HOU,2024
8,Sun,October 27,1:00PM ET,boxscore,W,,6-2,,Indianapolis Colts,23.0,20.0,21.0,363.0,267.0,96.0,1.0,17.0,303.0,140.0,163.0,2.0,1.04,4.41,-2.91,HOU,2024
9,Thu,October 31,8:15PM ET,boxscore,L,,6-3,@,New York Jets,13.0,21.0,21.0,322.0,135.0,187.0,1.0,17.0,293.0,193.0,100.0,1.0,-2.89,-7.0,-0.61,HOU,2024
10,Sun,November 10,8:20PM ET,boxscore,L,,6-4,,Detroit Lions,23.0,26.0,16.0,248.0,192.0,56.0,2.0,19.0,345.0,240.0,105.0,5.0,-8.28,4.41,1.87,HOU,2024
11,Mon,November 18,8:15PM ET,boxscore,W,,7-4,@,Dallas Cowboys,34.0,10.0,21.0,391.0,250.0,141.0,1.0,24.0,388.0,324.0,64.0,2.0,11.8,11.82,-4.13,HOU,2024
12,Sun,November 24,1:00PM ET,boxscore,L,,7-5,,Tennessee Titans,27.0,32.0,12.0,260.0,220.0,40.0,2.0,19.0,369.0,237.0,132.0,3.0,-8.16,5.5,-4.49,HOU,2024
13,Sun,December 1,1:00PM ET,boxscore,W,,8-5,@,Jacksonville Jaguars,23.0,20.0,20.0,326.0,218.0,108.0,,19.0,373.0,276.0,97.0,1.0,6.79,-5.91,5.8,HOU,2024
14,,,,,,,,,Bye Week,,,,,,,,,,,,,,,,HOU,2024
15,Sun,December 15,1:00PM ET,boxscore,W,,9-5,,Miami Dolphins,20.0,12.0,12.0,181.0,104.0,77.0,1.0,18.0,224.0,172.0,52.0,4.0,-7.91,15.14,0.51,HOU,2024
16,Sat,December 21,1:00PM ET,boxscore,L,,9-6,@,Kansas City Chiefs,19.0,27.0,20.0,311.0,227.0,84.0,2.0,25.0,375.0,251.0,124.0,,5.59,-15.32,0.61,HOU,2024
17,Wed,December 25,4:30PM ET,boxscore,L,,9-7,,Baltimore Ravens,2.0,31.0,10.0,211.0,153.0,58.0,1.0,25.0,432.0,181.0,251.0,,-13.7,-21.65,6.24,HOU,2024
18,Sun,January 5,1:00PM ET,boxscore,W,,10-7,@,Tennessee Titans,23.0,14.0,18.0,374.0,167.0,207.0,1.0,14.0,314.0,229.0,85.0,1.0,7.7,9.0,-2.85,HOU,2024
,,Playoffs,,,,,,,,,,,,,,,,,,,,,,,HOU,2024
Wild Card,Sat,January 11,4:30PM ET,boxscore,W,,11-7,,Los Angeles Chargers,32.0,12.0,20.0,429.0,261.0,168.0,3.0,15.0,261.0,211.0,50.0,4.0,0.59,21.81,-6.04,HOU,2024
Division,Sat,January 18,4:30PM ET,boxscore,L,,11-8,@,Kansas City Chiefs,14.0,23.0,18.0,336.0,187.0,149.0,,14.0,212.0,162.0,50.0,,3.58,-6.41,-6.5,HOU,2024
1,Sun,September 8,1:00PM ET,boxscore,L,,0-1,,Houston Texans,27.0,29.0,14.0,303.0,199.0,104.0,1.0,26.0,417.0,204.0,213.0,,7.56,-16.76,2.53,IND,2024
2,Sun,September 15,1:00PM ET,boxscore,L,,0-2,@,Green Bay Packers,10.0,16.0,19.0,338.0,198.0,140.0,3.0,19.0,383.0,122.0,261.0,1.0,-1.85,-3.59,-1.56,IND,2024
3,Sun,September 22,1:00PM ET,boxscore,W,,1-2,,Chicago Bears,21.0,16.0,15.0,306.0,156.0,150.0,2.0,26.0,395.0,332.0,63.0,3.0,-2.98,6.47,2.36,IND,2024
4,Sun,September 29,1:00PM ET,boxscore,W,,2-2,,Pittsburgh Steelers,27.0,24.0,22.0,358.0,225.0,133.0,,23.0,404.0,282.0,122.0,2.0,12.91,-2.8,-4.94,IND,2024
5,Sun,October 6,1:00PM ET,boxscore,L,,2-3,@,Jacksonville Jaguars,34.0,37.0,25.0,447.0,348.0,99.0,1.0,20.0,497.0,371.0,126.0,2.0,9.91,-17.27,1.32,IND,2024
6,Sun,October 13,1:00PM ET,boxscore,W,,3-3,@,Tennessee Titans,20.0,17.0,20.0,269.0,189.0,80.0,1.0,16.0,241.0,95.0,146.0,1.0,3.63,-0.43,-0.91,IND,2024
7,Sun,October 20,1:00PM ET,boxscore,W,,4-3,,Miami Dolphins,16.0,10.0,16.0,284.0,129.0,155.0,1.0,18.0,337.0,149.0,188.0,2.0,-5.79,11.55,0.7,IND,2024
8,Sun,October 27,1:00PM ET,boxscore,L,,4-4,@,Houston Texans,20.0,23.0,17.0,303.0,140.0,163.0,2.0,21.0,363.0,267.0,96.0,1.0,-4.41,-1.04,2.91,IND,2024
9,Sun,November 3,8:20PM ET,boxscore,L,,4-5,@,Minnesota Vikings,13.0,21.0,13.0,227.0,159.0,68.0,2.0,29.0,415.0,282.0,133.0,3.0,-9.87,-4.42,4.04,IND,2024
10,Sun,November 10,1:00PM ET,boxscore,L,,4-6,,Buffalo Bills,20.0,30.0,19.0,361.0,240.0,121.0,4.0,21.0,415.0,280.0,135.0,2.0,-6.55,-4.88,1.17,IND,2024
11,Sun,November 17,1:00PM ET,boxscore,W,,5-6,@,New York Jets,28.0,27.0,18.0,332.0,241.0,91.0,1.0,10.0,253.0,162.0,91.0,,0.71,2.47,-1.15,IND,2024
12,Sun,November 24,1:00PM ET,boxscore,L,,5-7,,Detroit Lions,6.0,24.0,11.0,268.0,172.0,96.0,,26.0,390.0,253.0,137.0,,-8.39,-12.94,-0.16,IND,2024
13,Sun,December 1,1:00PM ET,boxscore,W,,6-7,@,New England Patriots,25.0,24.0,20.0,253.0,109.0,144.0,2.0,23.0,422.0,222.0,200.0,1.0,8.79,-12.16,2.11,IND,2024
14,,,,,,,,,Bye Week,,,,,,,,,,,,,,,,IND,2024
15,Sun,December 15,4:25PM ET,boxscore,L,,6-8,@,Denver Broncos,13.0,31.0,18.0,310.0,161.0,149.0,5.0,13.0,193.0,121.0,72.0,3.0,-29.19,12.23,0.6,IND,2024
16,Sun,December 22,1:00PM ET,boxscore,W,,7-8,,Tennessee Titans,38.0,30.0,19.0,458.0,123.0,335.0,1.0,18.0,307.0,242.0,65.0,3.0,19.12,-11.64,-2.32,IND,2024
17,Sun,December 29,1:00PM ET,boxscore,L,,7-9,@,New York Giants,33.0,45.0,25.0,446.0,320.0,126.0,3.0,15.0,389.0,309.0,80.0,,10.15,-14.78,-10.37,IND,2024
18,Sun,January 5,1:00PM ET,boxscore,W,OT,8-9,,Jacksonville Jaguars,26.0,23.0,24.0,429.0,252.0,177.0,,19.0,319.0,206.0,113.0,1.0,8.74,-3.34,-2.66,IND,2024
1,Sun,September 8,1:00PM ET,boxscore,L,,0-1,@,Chicago Bears,17.0,24.0,16.0,244.0,104.0,140.0,3.0,11.0,148.0,64.0,84.0,1.0,-15.2,12.59,-2.68,TEN,2024
2,Sun,September 15,1:00PM ET,boxscore,L,,0-2,,New York Jets,17.0,24.0,20.0,300.0,170.0,130.0,2.0,16.0,265.0,164.0,101.0,,1.62,-5.83,-1.94,TEN,2024
3,Sun,September 22,1:00PM ET,boxscore,L,,0-3,,Green Bay Packers,14.0,30.0,18.0,237.0,204.0,33.0,3.0,16.0,378.0,190.0,188.0,,-9.81,-4.57,0.24,TEN,2024
4,Mon,September 30,7:30PM ET,boxscore,W,,1-3,@,Miami Dolphins,31.0,12.0,16.0,244.0,102.0,142.0,1.0,13.0,184.0,78.0,106.0,1.0,-4.49,18.65,4.18,TEN,2024
5,,,,,,,,,Bye Week,,,,,,,,,,,,,,,,TEN,2024
6,Sun,October 13,1:00PM ET,boxscore,L,,1-4,,Indianapolis Colts,17.0,20.0,16.0,241.0,95.0,146.0,1.0,20.0,269.0,189.0,80.0,1.0,0.43,-3.63,0.91,TEN,2024
7,Sun,October 20,1:00PM ET,boxscore,L,,1-5,@,Buffalo Bills,10.0,34.0,18.0,289.0,200.0,89.0,2.0,18.0,389.0,315.0,74.0,,-12.71,-15.86,4.4,TEN,2024
8,Sun,October 27,1:00PM ET,boxscore,L,,1-6,@,Detroit Lions,14.0,52.0,23.0,416.0,258.0,158.0,4.0,17.0,225.0,61.0,164.0,,-10.2,-11.03,-14.05,TEN,2024
9,Sun,November 3,1:00PM ET,boxscore,W,OT,2-6,,New England Patriots,20.0,17.0,24.0,400.0,233.0,167.0,1.0,20.0,295.0,185.0,110.0,3.0,5.69,5.06,-5.69,TEN,2024
10,Sun,November 10,4:05PM ET,boxscore,L,,2-7,@,Los Angeles Chargers,17.0,27.0,19.0,289.0,157.0,132.0,,23.0,309.0,164.0,145.0,,7.48,-14.29,-0.84,TEN,2024
11,Sun,November 17,1:00PM ET,boxscore,L,,2-8,,Minnesota Vikings,13.0,23.0,11.0,294.0,261.0,33.0,1.0,24.0,318.0,236.0,82.0,1.0,-7.51,-5.25,3.94,TEN,2024
12,Sun,November 24,1:00PM ET,boxscore,W,,3-8,@,Houston Texans,32.0,27.0,19.0,369.0,237.0,132.0,3.0,12.0,260.0,220.0,40.0,2.0,-5.5,8.16,4.49,TEN,2024
13,Sun,December 1,1:00PM ET,boxscore,L,,3-9,@,Washington Commanders,19.0,42.0,12.0,245.0,210.0,35.0,2.0,29.0,463.0,196.0,267.0,1.0,-7.0,-28.94,7.42,TEN,2024
14,Sun,December 8,1:00PM ET,boxscore,L,,3-10,,Jacksonville Jaguars,6.0,10.0,17.0,272.0,146.0,126.0,,16.0,291.0,220.0,71.0,2.0,-9.43,1.81,1.21,TEN,2024
15,Sun,December 15,1:00PM ET,boxscore,L,,3-11,,Cincinnati Bengals,27.0,37.0,25.0,374.0,291.0,83.0,6.0,24.0,370.0,269.0,101.0,4.0,-1.11,-12.25,5.63,TEN,2024
16,Sun,December 22,1:00PM ET,boxscore,L,,3-12,@,Indianapolis Colts,30.0,38.0,18.0,307.0,242.0,65.0,3.0,19.0,458.0,123.0,335.0,1.0,11.64,-19.12,2.32,TEN,2024
17,Sun,December 29,1:00PM ET,boxscore,L,,3-13,@,Jacksonville Jaguars,13.0,20.0,23.0,337.0,178.0,159.0,1.0,18.0,295.0,173.0,122.0,,3.03,-7.91,-2.11,TEN,2024
18,Sun,January 5,1:00PM ET,boxscore,L,,3-14,,Houston Texans,14.0,23.0,14.0,314.0,229.0,85.0,1.0,18.0,374.0,167.0,207.0,1.0,-9.0,-7.7,2.85,TEN,2024
1,Sun,September 8,4:05PM ET,boxscore,L,,0-1,@,Seattle Seahawks,20.0,26.0,13.0,231.0,132.0,99.0,3.0,19.0,304.0,158.0,146.0,2.0,-19.83,3.15,11.19,DEN,2024
2,Sun,September 15,4:25PM ET,boxscore,L,,0-2,,Pittsburgh Steelers,6.0,13.0,13.0,295.0,231.0,64.0,2.0,16.0,251.0,110.0,141.0,,-6.86,1.2,1.25,DEN,2024
3,Sun,September 22,1:00PM ET,boxscore,W,,1-2,@,Tampa Bay Buccaneers,26.0,7.0,18.0,352.0,216.0,136.0,1.0,17.0,223.0,132.0,91.0,2.0,3.34,13.68,-0.75,DEN,2024
4,Sun,September 29,1:00PM ET,boxscore,W,,2-2,@,New York Jets,10.0,9.0,12.0,186.0,60.0,126.0,1.0,16.0,248.0,184.0,64.0,1.0,-15.24,17.17,-1.09,DEN,2024
5,Sun,October 6,4:05PM ET,boxscore,W,,3-2,,Las Vegas Raiders,34.0,18.0,18.0,289.0,180.0,109.0,,20.0,330.0,215.0,115.0,3.0,2.41,13.82,2.95,DEN,2024
6,Sun,October 13,4:05PM ET,boxscore,L,,3-3,,Los Angeles Chargers,16.0,23.0,17.0,316.0,206.0,110.0,2.0,22.0,350.0,222.0,128.0,,-0.86,-8.1,0.01,DEN,2024
7,Thu,October 17,8:15PM ET,boxscore,W,,4-3,@,New Orleans Saints,33.0,10.0,22.0,389.0,164.0,225.0,1.0,15.0,271.0,174.0,97.0,2.0,6.09,17.45,2.05,DEN,2024
8,Sun,October 27,4:25PM ET,boxscore,W,,5-3,,Carolina Panthers,28.0,14.0,23.0,400.0,298.0,102.0,2.0,16.0,284.0,215.0,69.0,2.0,9.09,10.8,-4.01,DEN,2024
9,Sun,November 3,1:00PM ET,boxscore,L,,5-4,@,Baltimore Ravens,10.0,41.0,20.0,319.0,197.0,122.0,1.0,25.0,396.0,269.0,127.0,,-7.44,-23.6,2.92,DEN,2024
10,Sun,November 10,1:00PM ET,boxscore,L,,5-5,@,Kansas City Chiefs,14.0,16.0,16.0,260.0,182.0,78.0,,19.0,300.0,243.0,57.0,,3.45,-5.3,2.58,DEN,2024
11,Sun,November 17,4:05PM ET,boxscore,W,,6-5,,Atlanta Falcons,38.0,6.0,22.0,400.0,295.0,105.0,,13.0,226.0,176.0,50.0,1.0,22.98,7.97,-4.61,DEN,2024
12,Sun,November 24,4:05PM ET,boxscore,W,,7-5,@,Las Vegas Raiders,29.0,19.0,19.0,325.0,262.0,63.0,,21.0,369.0,300.0,69.0,2.0,3.06,2.09,1.49,DEN,2024
13,Mon,December 2,8:15PM ET,boxscore,W,,8-5,,Cleveland Browns,41.0,32.0,19.0,400.0,294.0,106.0,2.0,28.0,552.0,475.0,77.0,3.0,9.38,1.27,1.39,DEN,2024
14,,,,,,,,,Bye Week,,,,,,,,,,,,,,,,DEN,2024
15,Sun,December 15,4:25PM ET,boxscore,W,,9-5,,Indianapolis Colts,31.0,13.0,13.0,193.0,121.0,72.0,3.0,18.0,310.0,161.0,149.0,5.0,-12.23,29.19,-0.6,DEN,2024
16,Thu,December 19,8:15PM ET,boxscore,L,,9-6,@,Los Angeles Chargers,27.0,34.0,22.0,355.0,245.0,110.0,,23.0,380.0,263.0,117.0,1.0,12.91,-17.32,-1.66,DEN,2024
17,Sat,December 28,4:30PM ET,boxscore,L,OT,9-7,@,Cincinnati Bengals,24.0,30.0,19.0,329.0,206.0,123.0,1.0,34.0,499.0,384.0,115.0,1.0,8.06,-18.79,4.41,DEN,2024
18,Sun,January 5,4:25PM ET,boxscore,W,,10-7,,Kansas City Chiefs,38.0,0.0,29.0,479.0,321.0,158.0,,5.0,98.0,71.0,27.0,,31.94,12.77,-6.98,DEN,2024
,,Playoffs,,,,,,,,,,,,,,,,,,,,,,,DEN,2024
Wild Card,Sun,January 12,1:00PM ET,boxscore,L,,10-8,@,Buffalo Bills,7.0,31.0,13.0,224.0,145.0,79.0,,26.0,471.0,261.0,210.0,,-2.04,-22.62,0.62,DEN,2024
1,Sun,September 8,4:05PM ET,boxscore,W,,1-0,,Las Vegas Raiders,22.0,10.0,11.0,316.0,140.0,176.0,,14.0,296.0,225.0,71.0,3.0,-5.13,14.87,-0.65,LAC,2024
2,Sun,September 15,1:00PM ET,boxscore,W,,2-0,@,Carolina Panthers,26.0,3.0,21.0,349.0,130.0,219.0,2.0,7.0,159.0,69.0,90.0,1.0,6.7,22.45,-5.45,LAC,2024
3,Sun,September 22,1:00PM ET,boxscore,L,,2-1,@,Pittsburgh Steelers,10.0,20.0,10.0,166.0,105.0,61.0,,20.0,346.0,232.0,114.0,1.0,-6.58,-10.48,4.19,LAC,2024
4,Sun,September 29,4:25PM ET,boxscore,L,,2-2,,Kansas City Chiefs,10.0,17.0,12.0,224.0,169.0,55.0,,16.0,329.0,228.0,101.0,2.0,-10.62,4.0,-0.87,LAC,2024
5,,,,,,,,,Bye Week,,,,,,,,,,,,,,,,LAC,2024
6,Sun,October 13,4:05PM ET,boxscore,W,,3-2,@,Denver Broncos,23.0,16.0,22.0,350.0,222.0,128.0,,17.0,316.0,206.0,110.0,2.0,8.1,0.86,-0.01,LAC,2024
7,Mon,October 21,9:00PM ET,boxscore,L,,3-3,@,Arizona Cardinals,15.0,17.0,20.0,395.0,336.0,59.0,2.0,22.0,326.0,145.0,181.0,1.0,3.92,-9.33,3.41,LAC,2024
8,Sun,October 27,4:05PM ET,boxscore,W,,4-3,,New Orleans Saints,26.0,8.0,19.0,378.0,256.0,122.0,,15.0,366.0,249.0,117.0,,8.93,4.86,-1.06,LAC,2024
9,Sun,November 3,1:00PM ET,boxscore,W,,5-3,@,Cleveland Browns,27.0,10.0,13.0,342.0,246.0,96.0,,21.0,292.0,213.0,79.0,3.0,7.05,16.12,-2.49,LAC,2024
10,Sun,November 10,4:05PM ET,boxscore,W,,6-3,,Tennessee Titans,27.0,17.0,23.0,309.0,164.0,145.0,,19.0,289.0,157.0,132.0,,14.29,-7.48,0.84,LAC,2024
11,Sun,November 17,8:20PM ET,boxscore,W,,7-3,,Cincinnati Bengals,34.0,27.0,24.0,435.0,280.0,155.0,1.0,24.0,452.0,342.0,110.0,,16.01,-14.21,3.71,LAC,2024
12,Mon,November 25,8:15PM ET,boxscore,L,,7-4,,Baltimore Ravens,23.0,30.0,19.0,285.0,202.0,83.0,,19.0,389.0,177.0,212.0,,8.34,-17.12,1.62,LAC,2024
13,Sun,December 1,1:00PM ET,boxscore,W,,8-4,@,Atlanta Falcons,17.0,13.0,10.0,187.0,131.0,56.0,1.0,24.0,350.0,234.0,116.0,4.0,-12.32,7.49,6.16,LAC,2024
14,Sun,December 8,8:20PM ET,boxscore,L,,8-5,@,Kansas City Chiefs,17.0,19.0,20.0,288.0,194.0,94.0,,20.0,298.0,202.0,96.0,,10.64,-4.46,-5.79,LAC,2024
15,Sun,December 15,4:25PM ET,boxscore,L,,8-6,,Tampa Bay Buccaneers,17.0,40.0,14.0,206.0,174.0,32.0,2.0,24.0,506.0,283.0,223.0,2.0,-7.54,-19.94,0.61,LAC,2024
16,Thu,December 19,8:15PM ET,boxscore,W,,9-6,,Denver Broncos,34.0,27.0,23.0,380.0,263.0,117.0,1.0,22.0,355.0,245.0,110.0,,17.32,-12.91,1.66,LAC,2024
17,Sat,December 28,1:00PM ET,boxscore,W,,10-6,@,New England Patriots,40.0,7.0,29.0,428.0,281.0,147.0,,11.0,181.0,85.0,96.0,1.0,24.19,14.04,-10.62,LAC,2024
18,Sun,January 5,4:25PM ET,boxscore,W,,11-6,@,Las Vegas Raiders,34.0,20.0,26.0,473.0,336.0,137.0,,16.0,264.0,225.0,39.0,1.0,21.79,-0.48,-6.53,LAC,2024
,,Playoffs,,,,,,,,,,,,,,,,,,,,,,,LAC,2024
Wild Card,Sat,January 11,4:30PM ET,boxscore,L,,11-7,@,Houston Texans,12.0,32.0,15.0,261.0,211.0,50.0,4.0,20.0,429.0,261.0,168.0,3.0,-21.81,-0.59,6.04,LAC,2024
1,Thu,September 5,8:20PM ET,boxscore,W,,1-0,,Baltimore Ravens,27.0,20.0,21.0,353.0,281.0,72.0,1.0,25.0,452.0,267.0,185.0,1.0,11.81,-9.42,2.11,KAN,2024
2,Sun,September 15,4:25PM ET,boxscore,W,,2-0,,Cincinnati Bengals,26.0,25.0,19.0,286.0,137.0,149.0,3.0,18.0,320.0,246.0,74.0,1.0,0.08,-0.29,0.99,KAN,2024
3,Sun,September 22,8:20PM ET,boxscore,W,,3-0,@,Atlanta Falcons,22.0,17.0,22.0,345.0,217.0,128.0,1.0,19.0,311.0,229.0,82.0,1.0,5.9,-2.09,-1.56,KAN,2024
4,Sun,September 29,4:25PM ET,boxscore,W,,4-0,@,Los Angeles Chargers,17.0,10.0,16.0,329.0,228.0,101.0,2.0,12.0,224.0,169.0,55.0,,-4.0,10.62,0.87,KAN,2024
5,Mon,October 7,8:15PM ET,boxscore,W,,5-0,,New Orleans Saints,26.0,13.0,28.0,460.0,321.0,139.0,1.0,14.0,220.0,174.0,46.0,1.0,12.27,3.67,-4.34,KAN,2024
6,,,,,,,,,Bye Week,,,,,,,,,,,,,,,,KAN,2024
7,Sun,October 20,4:25PM ET,boxscore,W,,6-0,@,San Francisco 49ers,28.0,18.0,22.0,329.0,145.0,184.0,2.0,19.0,310.0,209.0,101.0,3.0,5.57,4.03,2.89,KAN,2024
8,Sun,October 27,4:25PM ET,boxscore,W,,7-0,@,Las Vegas Raiders,27.0,20.0,23.0,334.0,252.0,82.0,1.0,15.0,228.0,195.0,33.0,1.0,10.99,3.15,-7.33,KAN,2024
9,Mon,November 4,8:15PM ET,boxscore,W,OT,8-0,,Tampa Bay Buccaneers,30.0,24.0,28.0,384.0,260.0,124.0,1.0,17.0,284.0,189.0,95.0,,13.78,-7.44,-0.89,KAN,2024
10,Sun,November 10,1:00PM ET,boxscore,W,,9-0,,Denver Broncos,16.0,14.0,19.0,300.0,243.0,57.0,,16.0,260.0,182.0,78.0,,5.3,-3.45,-2.58,KAN,2024
11,Sun,November 17,4:25PM ET,boxscore,L,,9-1,@,Buffalo Bills,21.0,30.0,19.0,259.0,181.0,78.0,2.0,24.0,366.0,262.0,104.0,1.0,6.03,-14.81,0.41,KAN,2024
12,Sun,November 24,1:00PM ET,boxscore,W,,10-1,@,Carolina Panthers,30.0,27.0,27.0,391.0,226.0,165.0,,21.0,334.0,249.0,85.0,,20.35,-12.51,-2.84,KAN,2024
13,Fri,November 29,3:00PM ET,boxscore,W,,11-1,,Las Vegas Raiders,19.0,17.0,18.0,329.0,266.0,63.0,,20.0,434.0,318.0,116.0,1.0,2.92,-4.76,6.69,KAN,2024
14,Sun,December 8,8:20PM ET,boxscore,W,,12-1,,Los Angeles Chargers,19.0,17.0,20.0,298.0,202.0,96.0,,20.0,288.0,194.0,94.0,,4.46,-10.64,5.79,KAN,2024
15,Sun,December 15,1:00PM ET,boxscore,W,,13-1,@,Cleveland Browns,21.0,7.0,18.0,311.0,179.0,132.0,,16.0,266.0,127.0,139.0,6.0,-4.31,22.38,-0.74,KAN,2024
16,Sat,December 21,1:00PM ET,boxscore,W,,14-1,,Houston Texans,27.0,19.0,25.0,375.0,251.0,124.0,,20.0,311.0,227.0,84.0,2.0,15.32,-5.59,-0.61,KAN,2024
17,Wed,December 25,1:00PM ET,boxscore,W,,15-1,@,Pittsburgh Steelers,29.0,10.0,20.0,389.0,320.0,69.0,,23.0,364.0,162.0,202.0,2.0,12.44,3.8,-4.01,KAN,2024
18,Sun,January 5,4:25PM ET,boxscore,L,,15-2,@,Denver Broncos,0.0,38.0,5.0,98.0,71.0,27.0,,29.0,479.0,321.0,158.0,,-12.77,-31.94,6.98,KAN,2024
,,Playoffs,,,,,,,,,,,,,,,,,,,,,,,KAN,2024
Division,Sat,January 18,4:30PM ET,boxscore,W,,16-2,,Houston Texans,23.0,14.0,14.0,212.0,162.0,50.0,,18.0,336.0,187.0,149.0,,6.41,-3.58,6.5,KAN,2024
Conf. Champ.,Sun,January 26,6:30PM ET,boxscore,W,,17-2,,Buffalo Bills,32.0,29.0,28.0,368.0,233.0,135.0,1.0,22.0,374.0,227.0,147.0,,18.77,-11.91,-1.26,KAN,2024
SuperBowl,Sun,February 9,6:30PM ET,boxscore,L,,17-3,N,Philadelphia Eagles,22.0,40.0,12.0,275.0,226.0,49.0,3.0,21.0,345.0,210.0,135.0,1.0,-18.21,-3.33,-0.66,KAN,2024
1,Sun,September 8,4:05PM ET,boxscore,L,,0-1,@,Los Angeles Chargers,10.0,22.0,14.0,296.0,225.0,71.0,3.0,11.0,316.0,140.0,176.0,,-14.87,5.13,0.65,LVR,2024
2,Sun,September 15,1:00PM ET,boxscore,W,,1-1,@,Baltimore Ravens,26.0,23.0,18.0,260.0,233.0,27.0,1.0,21.0,383.0,232.0,151.0,1.0,-0.5,-6.12,6.24,LVR,2024
3,Sun,September 22,4:05PM ET,boxscore,L,,1-2,,Carolina Panthers,22.0,36.0,20.0,331.0,276.0,55.0,1.0,24.0,437.0,306.0,131.0,,1.38,-15.32,0.97,LVR,2024
4,Sun,September 29,4:25PM ET,boxscore,W,,2-2,,Cleveland Browns,20.0,16.0,17.0,268.0,116.0,152.0,1.0,16.0,241.0,149.0,92.0,1.0,-4.09,6.26,-1.12,LVR,2024
5,Sun,October 6,4:05PM ET,boxscore,L,,2-3,@,Denver Broncos,18.0,34.0,20.0,330.0,215.0,115.0,3.0,18.0,289.0,180.0,109.0,,-13.82,-2.41,-2.95,LVR,2024
6,Sun,October 13,4:05PM ET,boxscore,L,,2-4,,Pittsburgh Steelers,13.0,32.0,16.0,275.0,218.0,57.0,3.0,18.0,293.0,110.0,183.0,,-9.91,-1.93,-7.51,LVR,2024
7,Sun,October 20,4:05PM ET,boxscore,L,,2-5,@,Los Angeles Rams,15.0,20.0,20.0,317.0,195.0,122.0,4.0,15.0,259.0,144.0,115.0,1.0,-19.97,7.94,5.08,LVR,2024
8,Sun,October 27,4:25PM ET,boxscore,L,,2-6,,Kansas City Chiefs,20.0,27.0,15.0,228.0,195.0,33.0,1.0,23.0,334.0,252.0,82.0,1.0,-3.15,-10.99,7.33,LVR,2024
9,Sun,November 3,1:00PM ET,boxscore,L,,2-7,@,Cincinnati Bengals,24.0,41.0,16.0,217.0,157.0,60.0,2.0,26.0,373.0,243.0,130.0,1.0,-10.19,-12.75,7.06,LVR,2024
10,,,,,,,,,Bye Week,,,,,,,,,,,,,,,,LVR,2024
11,Sun,November 17,1:00PM ET,boxscore,L,,2-8,@,Miami Dolphins,19.0,34.0,22.0,328.0,268.0,60.0,1.0,25.0,353.0,271.0,82.0,,7.86,-25.84,3.17,LVR,2024
12,Sun,November 24,4:05PM ET,boxscore,L,,2-9,,Denver Broncos,19.0,29.0,21.0,369.0,300.0,69.0,2.0,19.0,325.0,262.0,63.0,,-2.09,-3.06,-1.49,LVR,2024
13,Fri,November 29,3:00PM ET,boxscore,L,,2-10,@,Kansas City Chiefs,17.0,19.0,20.0,434.0,318.0,116.0,1.0,18.0,329.0,266.0,63.0,,4.76,-2.92,-6.69,LVR,2024
14,Sun,December 8,1:00PM ET,boxscore,L,,2-11,@,Tampa Bay Buccaneers,13.0,28.0,16.0,286.0,195.0,91.0,2.0,21.0,420.0,268.0,152.0,3.0,-5.22,-12.48,4.26,LVR,2024
15,Mon,December 16,8:30PM ET,boxscore,L,,2-12,,Atlanta Falcons,9.0,15.0,16.0,249.0,184.0,65.0,3.0,14.0,261.0,93.0,168.0,1.0,-12.24,6.96,-1.41,LVR,2024
16,Sun,December 22,4:25PM ET,boxscore,W,,3-12,,Jacksonville Jaguars,19.0,14.0,21.0,314.0,245.0,69.0,,15.0,308.0,236.0,72.0,2.0,-3.51,8.86,-1.02,LVR,2024
17,Sun,December 29,1:00PM ET,boxscore,W,,4-12,@,New Orleans Saints,25.0,10.0,22.0,388.0,232.0,156.0,,13.0,269.0,188.0,81.0,2.0,8.77,11.13,-3.55,LVR,2024
18,Sun,January 5,4:25PM ET,boxscore,L,,4-13,,Los Angeles Chargers,20.0,34.0,16.0,264.0,225.0,39.0,1.0,26.0,473.0,336.0,137.0,,0.48,-21.79,6.53,LVR,2024
1,Fri,September 6,8:15PM ET,boxscore,W,,1-0,,Green Bay Packers,34.0,29.0,25.0,410.0,266.0,144.0,3.0,19.0,414.0,251.0,163.0,1.0,11.27,-10.53,4.39,PHI,2024
2,Mon,September 16,8:15PM ET,boxscore,L,,1-1,,Atlanta Falcons,21.0,22.0,22.0,365.0,179.0,186.0,1.0,22.0,385.0,233.0,152.0,,7.13,-8.72,1.28,PHI,2024
3,Sun,September 22,1:00PM ET,boxscore,W,,2-1,@,New Orleans Saints,15.0,12.0,20.0,460.0,288.0,172.0,2.0,12.0,219.0,130.0,89.0,1.0,3.12,8.47,-8.68,PHI,2024
4,Sun,September 29,1:00PM ET,boxscore,L,,2-2,@,Tampa Bay Buccaneers,16.0,33.0,16.0,227.0,114.0,113.0,2.0,29.0,445.0,334.0,111.0,,-4.13,-21.36,1.43,PHI,2024
5,,,,,,,,,Bye Week,,,,,,,,,,,,,,,,PHI,2024
6,Sun,October 13,1:00PM ET,boxscore,W,,3-2,,Cleveland Browns,20.0,16.0,19.0,372.0,256.0,116.0,,14.0,244.0,144.0,100.0,,10.4,4.19,-7.89,PHI,2024
7,Sun,October 20,1:00PM ET,boxscore,W,,4-2,@,New York Giants,28.0,3.0,20.0,339.0,70.0,269.0,,10.0,119.0,43.0,76.0,,6.49,19.97,-2.06,PHI,2024
8,Sun,October 27,1:00PM ET,boxscore,W,,5-2,@,Cincinnati Bengals,37.0,17.0,24.0,397.0,236.0,161.0,,18.0,280.0,222.0,58.0,2.0,20.95,-5.05,3.99,PHI,2024
9,Sun,November 3,4:05PM ET,boxscore,W,,6-2,,Jacksonville Jaguars,28.0,23.0,21.0,447.0,210.0,237.0,1.0,14.0,215.0,155.0,60.0,3.0,-3.71,7.21,0.0,PHI,2024
10,Sun,November 10,4:25PM ET,boxscore,W,,7-2,@,Dallas Cowboys,34.0,6.0,24.0,348.0,161.0,187.0,2.0,11.0,146.0,49.0,97.0,5.0,6.18,31.22,-7.13,PHI,2024
11,Thu,November 14,8:15PM ET,boxscore,W,,8-2,,Washington Commanders,26.0,18.0,23.0,434.0,206.0,228.0,,18.0,264.0,171.0,93.0,1.0,17.0,2.93,-9.28,PHI,2024
12,Sun,November 24,8:20PM ET,boxscore,W,,9-2,@,Los Angeles Rams,37.0,20.0,24.0,481.0,167.0,314.0,,23.0,290.0,198.0,92.0,1.0,23.71,-5.78,-0.13,PHI,2024
13,Sun,December 1,4:25PM ET,boxscore,W,,10-2,@,Baltimore Ravens,24.0,19.0,17.0,252.0,112.0,140.0,,24.0,372.0,206.0,166.0,,3.39,-4.59,8.57,PHI,2024
14,Sun,December 8,1:00PM ET,boxscore,W,,11-2,,Carolina Panthers,22.0,16.0,18.0,292.0,83.0,209.0,,20.0,302.0,184.0,118.0,1.0,9.76,-0.46,-1.25,PHI,2024
15,Sun,December 15,4:25PM ET,boxscore,W,,12-2,,Pittsburgh Steelers,27.0,13.0,26.0,401.0,270.0,131.0,2.0,10.0,163.0,107.0,56.0,1.0,11.49,10.72,-5.74,PHI,2024
16,Sun,December 22,1:00PM ET,boxscore,L,,12-3,@,Washington Commanders,33.0,36.0,20.0,338.0,127.0,211.0,2.0,23.0,368.0,255.0,113.0,5.0,8.68,-2.28,-2.23,PHI,2024
17,Sun,December 29,1:00PM ET,boxscore,W,,13-3,,Dallas Cowboys,41.0,7.0,20.0,376.0,197.0,179.0,,16.0,268.0,141.0,127.0,4.0,19.78,14.87,-2.29,PHI,2024
18,Sun,January 5,1:00PM ET,boxscore,W,,14-3,,New York Giants,20.0,13.0,21.0,303.0,252.0,51.0,,10.0,238.0,138.0,100.0,1.0,2.77,6.93,-2.71,PHI,2024
,,Playoffs,,,,,,,,,,,,,,,,,,,,,,,PHI,2024
Wild Card,Sun,January 12,4:30PM ET,boxscore,W,,15-3,,Green Bay Packers,22.0,10.0,16.0,290.0,121.0,169.0,,17.0,302.0,195.0,107.0,4.0,3.17,3.29,7.38,PHI,2024
Division,Sun,January 19,3:00PM ET,boxscore,W,,16-3,,Los Angeles Rams,28.0,22.0,16.0,350.0,65.0,285.0,,18.0,402.0,291.0,111.0,2.0,7.76,3.6,-6.02,PHI,2024
Conf. Champ.,Sun,January 26,3:00PM ET,boxscore,W,,17-3,,Washington Commanders,55.0,23.0,28.0,459.0,230.0,229.0,,22.0,350.0,251.0,99.0,4.0,34.18,3.54,-0.96,PHI,2024
SuperBowl,Sun,February 9,6:30PM ET,boxscore,W,,18-3,N,Kansas City Chiefs,40.0,22.0,21.0,345.0,210.0,135.0,1.0,12.0,275.0,226.0,49.0,3.0,3.33,18.21,0.66,PHI,2024
1,Sun,September 8,4:25PM ET,boxscore,W,,1-0,@,Cleveland Browns,33.0,17.0,15.0,265.0,163.0,102.0,,15.0,230.0,137.0,93.0,2.0,-5.45,19.86,3.02,DAL,2024
2,Sun,September 15,1:00PM ET,boxscore,L,,1-1,,New Orleans Saints,19.0,44.0,20.0,353.0,285.0,68.0,2.0,24.0,432.0,242.0,190.0,1.0,-4.63,-26.86,7.86,DAL,2024
3,Sun,September 22,4:25PM ET,boxscore,L,,1-2,,Baltimore Ravens,25.0,28.0,26.0,412.0,361.0,51.0,1.0,24.0,456.0,182.0,274.0,,8.34,-20.98,5.94,DAL,2024
4,Thu,September 26,8:15PM ET,boxscore,W,,2-2,@,New York Giants,20.0,15.0,14.0,293.0,213.0,80.0,,16.0,303.0,277.0,26.0,1.0,5.38,0.76,-2.25,DAL,2024
5,Sun,October 6,8:20PM ET,boxscore,W,,3-2,@,Pittsburgh Steelers,20.0,17.0,25.0,445.0,336.0,109.0,3.0,17.0,226.0,134.0,92.0,1.0,11.22,-2.75,-2.98,DAL,2024
6,Sun,October 13,4:25PM ET,boxscore,L,,3-3,,Detroit Lions,9.0,47.0,16.0,251.0,198.0,53.0,5.0,27.0,492.0,308.0,184.0,,-24.28,-24.4,9.24,DAL,2024
7,,,,,,,,,Bye Week,,,,,,,,,,,,,,,,DAL,2024
8,Sun,October 27,8:20PM ET,boxscore,L,,3-4,@,San Francisco 49ers,24.0,30.0,18.0,292.0,236.0,56.0,2.0,19.0,469.0,246.0,223.0,,2.84,-12.85,-2.18,DAL,2024
9,Sun,November 3,1:00PM ET,boxscore,L,,3-5,@,Atlanta Falcons,21.0,27.0,23.0,378.0,241.0,137.0,,17.0,310.0,210.0,100.0,1.0,0.36,-3.85,-0.45,DAL,2024
10,Sun,November 10,4:25PM ET,boxscore,L,,3-6,,Philadelphia Eagles,6.0,34.0,11.0,146.0,49.0,97.0,5.0,24.0,348.0,161.0,187.0,2.0,-31.22,-6.18,7.13,DAL,2024
11,Mon,November 18,8:15PM ET,boxscore,L,,3-7,,Houston Texans,10.0,34.0,24.0,388.0,324.0,64.0,2.0,21.0,391.0,250.0,141.0,1.0,-11.82,-11.8,4.13,DAL,2024
12,Sun,November 24,1:00PM ET,boxscore,W,,4-7,@,Washington Commanders,34.0,26.0,19.0,332.0,241.0,91.0,1.0,19.0,412.0,267.0,145.0,3.0,1.77,-4.31,5.36,DAL,2024
13,Thu,November 28,4:30PM ET,boxscore,W,,5-7,,New York Giants,27.0,20.0,21.0,317.0,195.0,122.0,,17.0,247.0,131.0,116.0,2.0,3.74,12.9,-9.17,DAL,2024
14,Mon,December 9,8:15PM ET,boxscore,L,,5-8,,Cincinnati Bengals,20.0,27.0,17.0,322.0,166.0,156.0,2.0,23.0,433.0,359.0,74.0,1.0,0.91,-10.83,2.06,DAL,2024
15,Sun,December 15,1:00PM ET,boxscore,W,,6-8,@,Carolina Panthers,30.0,14.0,24.0,410.0,199.0,211.0,1.0,16.0,235.0,175.0,60.0,4.0,13.16,5.8,1.21,DAL,2024
16,Sun,December 22,8:20PM ET,boxscore,W,,7-8,,Tampa Bay Buccaneers,26.0,24.0,15.0,317.0,286.0,31.0,,25.0,410.0,276.0,134.0,2.0,-0.21,-5.82,9.0,DAL,2024
17,Sun,December 29,1:00PM ET,boxscore,L,,7-9,@,Philadelphia Eagles,7.0,41.0,16.0,268.0,141.0,127.0,4.0,20.0,376.0,197.0,179.0,,-14.87,-19.78,2.29,DAL,2024
18,Sun,January 5,1:00PM ET,boxscore,L,,7-10,,Washington Commanders,19.0,23.0,23.0,378.0,228.0,150.0,,18.0,269.0,156.0,113.0,1.0,2.48,-5.93,2.57,DAL,2024
1,Sun,September 8,4:25PM ET,boxscore,L,,0-1,@,Tampa Bay Buccaneers,20.0,37.0,22.0,299.0,161.0,138.0,,22.0,392.0,280.0,112.0,,9.77,-22.08,-6.66,WAS,2024
2,Sun,September 15,1:00PM ET,boxscore,W,,1-1,,New York Giants,21.0,18.0,22.0,425.0,210.0,215.0,,18.0,304.0,175.0,129.0,1.0,11.88,-6.93,0.31,WAS,2024
3,Mon,September 23,8:15PM ET,boxscore,W,,2-1,@,Cincinnati Bengals,38.0,33.0,22.0,356.0,248.0,108.0,,30.0,436.0,312.0,124.0,,27.28,-27.31,8.79,WAS,2024
4,Sun,September 29,4:05PM ET,boxscore,W,,3-1,@,Arizona Cardinals,42.0,14.0,29.0,449.0,233.0,216.0,1.0,17.0,296.0,115.0,181.0,1.0,31.77,-2.67,-5.34,WAS,2024
5,Sun,October 6,1:00PM ET,boxscore,W,,4-1,,Cleveland Browns,34.0,13.0,19.0,434.0,219.0,215.0,2.0,12.0,212.0,108.0,104.0,1.0,12.01,16.08,-10.61,WAS,2024
6,Sun,October 13,1:00PM ET,boxscore,L,,4-2,@,Baltimore Ravens,23.0,30.0,18.0,305.0,253.0,52.0,,28.0,484.0,308.0,176.0,1.0,9.5,-20.33,3.41,WAS,2024
7,Sun,October 20,4:05PM ET,boxscore,W,,5-2,,Carolina Panthers,40.0,7.0,26.0,421.0,207.0,214.0,,10.0,180.0,85.0,95.0,2.0,20.0,17.78,-5.0,WAS,2024
8,Sun,October 27,4:25PM ET,boxscore,W,,6-2,,Chicago Bears,18.0,15.0,23.0,481.0,313.0,168.0,,15.0,307.0,105.0,202.0,1.0,6.47,3.45,-4.51,WAS,2024
9,Sun,November 3,1:00PM ET,boxscore,W,,7-2,@,New York Giants,27.0,22.0,21.0,358.0,209.0,149.0,,25.0,326.0,162.0,164.0,1.0,18.49,-10.44,0.72,WAS,2024
10,Sun,November 10,1:00PM ET,boxscore,L,,7-3,,Pittsburgh Steelers,27.0,28.0,19.0,242.0,182.0,60.0,1.0,21.0,312.0,172.0,140.0,2.0,0.18,-4.39,1.86,WAS,2024
11,Thu,November 14,8:15PM ET,boxscore,L,,7-4,@,Philadelphia Eagles,18.0,26.0,18.0,264.0,171.0,93.0,1.0,23.0,434.0,206.0,228.0,,-2.93,-17.0,9.28,WAS,2024
12,Sun,November 24,1:00PM ET,boxscore,L,,7-5,,Dallas Cowboys,26.0,34.0,19.0,412.0,267.0,145.0,3.0,19.0,332.0,241.0,91.0,1.0,4.31,-1.77,-5.36,WAS,2024
13,Sun,December 1,1:00PM ET,boxscore,W,,8-5,,Tennessee Titans,42.0,19.0,29.0,463.0,196.0,267.0,1.0,12.0,245.0,210.0,35.0,2.0,28.94,7.0,-7.42,WAS,2024
14,,,,,,,,,Bye Week,,,,,,,,,,,,,,,,WAS,2024
15,Sun,December 15,1:00PM ET,boxscore,W,,9-5,@,New Orleans Saints,20.0,19.0,23.0,326.0,189.0,137.0,,17.0,245.0,176.0,69.0,1.0,6.99,-1.53,-3.73,WAS,2024
16,Sun,December 22,1:00PM ET,boxscore,W,,10-5,,Philadelphia Eagles,36.0,33.0,23.0,368.0,255.0,113.0,5.0,20.0,338.0,127.0,211.0,2.0,2.28,-8.68,2.23,WAS,2024
17,Sun,December 29,8:20PM ET,boxscore,W,OT,11-5,,Atlanta Falcons,30.0,24.0,29.0,412.0,196.0,216.0,1.0,23.0,337.0,211.0,126.0,1.0,14.05,-10.2,2.41,WAS,2024
18,Sun,January 5,1:00PM ET,boxscore,W,,12-5,@,Dallas Cowboys,23.0,19.0,18.0,269.0,156.0,113.0,1.0,23.0,378.0,228.0,150.0,,5.93,-2.48,-2.57,WAS,2024
,,Playoffs,,,,,,,,,,,,,,,,,,,,,,,WAS,2024
Wild Card,Sun,January 12,8:00PM ET,boxscore,W,,13-5,@,Tampa Bay Buccaneers,23.0,20.0,22.0,350.0,268.0,82.0,,19.0,284.0,183.0,101.0,1.0,11.83,-7.96,-0.88,WAS,2024
Division,Sat,January 18,8:00PM ET,boxscore,W,,14-5,@,Detroit Lions,45.0,31.0,27.0,481.0,299.0,182.0,,30.0,521.0,320.0,201.0,5.0,27.77,-13.75,-1.72,WAS,2024
Conf. Champ.,Sun,January 26,3:00PM ET,boxscore,L,,14-6,@,Philadelphia Eagles,23.0,55.0,22.0,350.0,251.0,99.0,4.0,28.0,459.0,230.0,229.0,,-3.54,-34.18,0.96,WAS,2024
1,Sun,September 8,1:00PM ET,boxscore,L,,0-1,,Minnesota Vikings,6.0,28.0,14.0,240.0,166.0,74.0,2.0,17.0,312.0,201.0,111.0,2.0,-21.12,-8.23,7.83,NYG,2024
2,Sun,September 15,1:00PM ET,boxscore,L,,0-2,@,Washington Commanders,18.0,21.0,18.0,304.0,175.0,129.0,1.0,22.0,425.0,210.0,215.0,,6.93,-11.88,-0.31,NYG,2024
3,Sun,September 22,1:00PM ET,boxscore,W,,1-2,@,Cleveland Browns,21.0,15.0,21.0,340.0,228.0,112.0,2.0,16.0,217.0,148.0,69.0,2.0,-2.96,17.99,-8.29,NYG,2024
4,Thu,September 26,8:15PM ET,boxscore,L,,1-3,,Dallas Cowboys,15.0,20.0,16.0,303.0,277.0,26.0,1.0,14.0,293.0,213.0,80.0,,-0.76,-5.38,2.25,NYG,2024
5,Sun,October 6,4:25PM ET,boxscore,W,,2-3,@,Seattle Seahawks,29.0,20.0,24.0,420.0,245.0,175.0,1.0,17.0,333.0,231.0,102.0,1.0,-1.17,5.39,7.07,NYG,2024
6,Sun,October 13,8:20PM ET,boxscore,L,,2-4,,Cincinnati Bengals,7.0,17.0,24.0,309.0,190.0,119.0,1.0,13.0,304.0,183.0,121.0,1.0,-2.73,0.57,-8.07,NYG,2024
7,Sun,October 20,1:00PM ET,boxscore,L,,2-5,,Philadelphia Eagles,3.0,28.0,10.0,119.0,43.0,76.0,,20.0,339.0,70.0,269.0,,-19.97,-6.49,2.06,NYG,2024
8,Mon,October 28,8:15PM ET,boxscore,L,,2-6,@,Pittsburgh Steelers,18.0,26.0,17.0,394.0,237.0,157.0,2.0,20.0,426.0,259.0,167.0,1.0,-3.87,-6.78,0.04,NYG,2024
9,Sun,November 3,1:00PM ET,boxscore,L,,2-7,,Washington Commanders,22.0,27.0,25.0,326.0,162.0,164.0,1.0,21.0,358.0,209.0,149.0,,10.44,-18.49,-0.72,NYG,2024
10,Sun,November 10,9:30AM ET,boxscore,L,OT,2-8,@,Carolina Panthers,17.0,20.0,24.0,342.0,175.0,167.0,3.0,15.0,306.0,118.0,188.0,1.0,-2.48,3.9,-5.27,NYG,2024
11,,,,,,,,,Bye Week,,,,,,,,,,,,,,,,NYG,2024
12,Sun,November 24,1:00PM ET,boxscore,L,,2-9,,Tampa Bay Buccaneers,7.0,30.0,17.0,245.0,169.0,76.0,1.0,24.0,451.0,294.0,157.0,1.0,-7.28,-19.82,7.47,NYG,2024
13,Thu,November 28,4:30PM ET,boxscore,L,,2-10,@,Dallas Cowboys,20.0,27.0,17.0,247.0,131.0,116.0,2.0,21.0,317.0,195.0,122.0,,-12.9,-3.74,9.17,NYG,2024
14,Sun,December 8,1:00PM ET,boxscore,L,,2-11,,New Orleans Saints,11.0,14.0,16.0,325.0,213.0,112.0,1.0,18.0,292.0,200.0,92.0,1.0,-10.58,2.53,1.93,NYG,2024
15,Sun,December 15,1:00PM ET,boxscore,L,,2-12,,Baltimore Ravens,14.0,35.0,19.0,236.0,181.0,55.0,1.0,25.0,445.0,275.0,170.0,1.0,2.16,-25.89,-2.1,NYG,2024
16,Sun,December 22,1:00PM ET,boxscore,L,,2-13,@,Atlanta Falcons,7.0,34.0,14.0,234.0,189.0,45.0,3.0,22.0,329.0,202.0,127.0,1.0,-24.48,-8.36,7.5,NYG,2024
17,Sun,December 29,1:00PM ET,boxscore,W,,3-13,,Indianapolis Colts,45.0,33.0,15.0,389.0,309.0,80.0,,25.0,446.0,320.0,126.0,3.0,14.78,-10.15,10.37,NYG,2024
18,Sun,January 5,1:00PM ET,boxscore,L,,3-14,@,Philadelphia Eagles,13.0,20.0,10.0,238.0,138.0,100.0,1.0,21.0,303.0,252.0,51.0,,-6.93,-2.77,2.71,NYG,2024
1,Sun,September 8,1:00PM ET,boxscore,W,,1-0,,Tennessee Titans,24.0,17.0,11.0,148.0,64.0,84.0,1.0,16.0,244.0,104.0,140.0,3.0,-12.59,15.2,2.68,CHI,2024
2,Sun,September 15,8:20PM ET,boxscore,L,,1-1,@,Houston Texans,13.0,19.0,15.0,205.0,134.0,71.0,2.0,15.0,310.0,235.0,75.0,1.0,-13.71,7.01,-0.27,CHI,2024
3,Sun,September 22,1:00PM ET,boxscore,L,,1-2,@,Indianapolis Colts,16.0,21.0,26.0,395.0,332.0,63.0,3.0,15.0,306.0,156.0,150.0,2.0,-6.47,2.98,-2.36,CHI,2024
4,Sun,September 29,1:00PM ET,boxscore,W,,2-2,,Los Angeles Rams,24.0,18.0,17.0,264.0,133.0,131.0,,21.0,322.0,203.0,119.0,2.0,5.29,0.67,3.65,CHI,2024
5,Sun,October 6,1:00PM ET,boxscore,W,,3-2,,Carolina Panthers,36.0,10.0,24.0,424.0,296.0,128.0,,14.0,292.0,172.0,120.0,3.0,13.9,10.09,-2.68,CHI,2024
6,Sun,October 13,9:30AM ET,boxscore,W,,4-2,,Jacksonville Jaguars,35.0,16.0,25.0,373.0,221.0,152.0,1.0,17.0,278.0,210.0,68.0,2.0,20.35,4.25,-7.15,CHI,2024
7,,,,,,,,,Bye Week,,,,,,,,,,,,,,,,CHI,2024
8,Sun,October 27,4:25PM ET,boxscore,L,,4-3,@,Washington Commanders,15.0,18.0,15.0,307.0,105.0,202.0,1.0,23.0,481.0,313.0,168.0,,-3.45,-6.47,4.51,CHI,2024
9,Sun,November 3,4:05PM ET,boxscore,L,,4-4,@,Arizona Cardinals,9.0,29.0,16.0,241.0,172.0,69.0,,18.0,350.0,137.0,213.0,2.0,-12.48,-1.12,-4.01,CHI,2024
10,Sun,November 10,1:00PM ET,boxscore,L,,4-5,,New England Patriots,3.0,19.0,11.0,142.0,69.0,73.0,,16.0,328.0,184.0,144.0,1.0,-20.08,-0.04,2.41,CHI,2024
11,Sun,November 17,1:00PM ET,boxscore,L,,4-6,,Green Bay Packers,19.0,20.0,23.0,391.0,212.0,179.0,,19.0,366.0,260.0,106.0,1.0,16.11,-13.66,-2.17,CHI,2024
12,Sun,November 24,1:00PM ET,boxscore,L,OT,4-7,,Minnesota Vikings,27.0,30.0,20.0,398.0,320.0,78.0,1.0,22.0,452.0,328.0,124.0,1.0,3.44,-11.47,3.03,CHI,2024
13,Thu,November 28,12:30PM ET,boxscore,L,,4-8,@,Detroit Lions,20.0,23.0,17.0,301.0,223.0,78.0,,25.0,405.0,211.0,194.0,1.0,5.48,-11.41,3.46,CHI,2024
14,Sun,December 8,4:25PM ET,boxscore,L,,4-9,@,San Francisco 49ers,13.0,38.0,14.0,162.0,94.0,68.0,1.0,22.0,452.0,321.0,131.0,1.0,-8.25,-26.53,9.47,CHI,2024
15,Mon,December 16,8:00PM ET,boxscore,L,,4-10,@,Minnesota Vikings,12.0,30.0,16.0,284.0,171.0,113.0,1.0,24.0,329.0,215.0,114.0,1.0,-14.01,-8.32,3.74,CHI,2024
16,Sun,December 22,1:00PM ET,boxscore,L,,4-11,,Detroit Lions,17.0,34.0,19.0,382.0,323.0,59.0,2.0,27.0,475.0,329.0,146.0,,3.86,-24.06,0.82,CHI,2024
17,Thu,December 26,8:15PM ET,boxscore,L,,4-12,,Seattle Seahawks,3.0,6.0,11.0,179.0,76.0,103.0,1.0,12.0,265.0,143.0,122.0,1.0,-12.22,6.51,2.22,CHI,2024
18,Sun,January 5,1:00PM ET,boxscore,W,,5-12,@,Green Bay Packers,24.0,22.0,16.0,224.0,141.0,83.0,2.0,20.0,367.0,184.0,183.0,2.0,-8.65,2.71,8.37,CHI,2024
1,Fri,September 6,8:15PM ET,boxscore,L,,0-1,@,Philadelphia Eagles,29.0,34.0,19.0,414.0,251.0,163.0,1.0,25.0,410.0,266.0,144.0,3.0,10.53,-11.27,-4.39,GNB,2024
2,Sun,September 15,1:00PM ET,boxscore,W,,1-1,,Indianapolis Colts,16.0,10.0,19.0,383.0,122.0,261.0,1.0,19.0,338.0,198.0,140.0,3.0,3.59,1.85,1.56,GNB,2024
3,Sun,September 22,1:00PM ET,boxscore,W,,2-1,@,Tennessee Titans,30.0,14.0,16.0,378.0,190.0,188.0,,18.0,237.0,204.0,33.0,3.0,4.57,9.81,-0.24,GNB,2024
4,Sun,September 29,1:00PM ET,boxscore,L,,2-2,,Minnesota Vikings,29.0,31.0,24.0,465.0,379.0,86.0,4.0,22.0,374.0,254.0,120.0,3.0,-4.43,-0.52,1.45,GNB,2024
5,Sun,October 6,4:25PM ET,boxscore,W,,3-2,@,Los Angeles Rams,24.0,19.0,19.0,328.0,202.0,126.0,1.0,24.0,370.0,236.0,134.0,2.0,2.84,0.39,2.74,GNB,2024
6,Sun,October 13,1:00PM ET,boxscore,W,,4-2,,Arizona Cardinals,34.0,13.0,27.0,437.0,258.0,179.0,1.0,16.0,303.0,214.0,89.0,3.0,22.31,6.86,-3.96,GNB,2024
7,Sun,October 20,1:00PM ET,boxscore,W,,5-2,,Houston Texans,24.0,22.0,18.0,277.0,195.0,82.0,3.0,15.0,197.0,55.0,142.0,,3.05,6.39,-5.98,GNB,2024
8,Sun,October 27,1:00PM ET,boxscore,W,,6-2,@,Jacksonville Jaguars,30.0,27.0,22.0,422.0,252.0,170.0,1.0,19.0,390.0,299.0,91.0,2.0,10.14,-5.42,-1.46,GNB,2024
9,Sun,November 3,4:25PM ET,boxscore,L,,6-3,,Detroit Lions,14.0,24.0,20.0,411.0,273.0,138.0,1.0,17.0,261.0,137.0,124.0,,3.7,-6.2,-6.04,GNB,2024
10,,,,,,,,,Bye Week,,,,,,,,,,,,,,,,GNB,2024
11,Sun,November 17,1:00PM ET,boxscore,W,,7-3,@,Chicago Bears,20.0,19.0,19.0,366.0,260.0,106.0,1.0,23.0,391.0,212.0,179.0,,13.66,-16.11,2.17,GNB,2024
12,Sun,November 24,4:25PM ET,boxscore,W,,8-3,,San Francisco 49ers,38.0,10.0,22.0,325.0,156.0,169.0,,11.0,241.0,197.0,44.0,3.0,12.2,19.42,-2.13,GNB,2024
13,Thu,November 28,8:20PM ET,boxscore,W,,9-3,,Miami Dolphins,30.0,17.0,19.0,388.0,274.0,114.0,,21.0,375.0,336.0,39.0,1.0,14.75,-1.74,2.71,GNB,2024
14,Thu,December 5,8:15PM ET,boxscore,L,,9-4,@,Detroit Lions,31.0,34.0,17.0,298.0,199.0,99.0,1.0,27.0,391.0,280.0,111.0,1.0,11.75,-13.69,-0.8,GNB,2024
15,Sun,December 15,8:20PM ET,boxscore,W,,10-4,@,Seattle Seahawks,30.0,13.0,21.0,369.0,229.0,140.0,1.0,14.0,208.0,128.0,80.0,2.0,11.94,13.45,-9.51,GNB,2024
16,Mon,December 23,8:15PM ET,boxscore,W,,11-4,,New Orleans Saints,34.0,0.0,24.0,404.0,216.0,188.0,,14.0,196.0,129.0,67.0,2.0,22.29,16.18,-3.84,GNB,2024
17,Sun,December 29,4:25PM ET,boxscore,L,,11-5,@,Minnesota Vikings,25.0,27.0,17.0,271.0,167.0,104.0,1.0,26.0,441.0,372.0,69.0,1.0,2.07,-14.06,8.79,GNB,2024
18,Sun,January 5,1:00PM ET,boxscore,L,,11-6,,Chicago Bears,22.0,24.0,20.0,367.0,184.0,183.0,2.0,16.0,224.0,141.0,83.0,2.0,-2.71,8.65,-8.37,GNB,2024
,,Playoffs,,,,,,,,,,,,,,,,,,,,,,,GNB,2024
Wild Card,Sun,January 12,4:30PM ET,boxscore,L,,11-7,@,Philadelphia Eagles,10.0,22.0,17.0,302.0,195.0,107.0,4.0,16.0,290.0,121.0,169.0,,-3.29,-3.17,-7.38,GNB,2024
1,Sun,September 8,1:00PM ET,boxscore,W,,1-0,@,New York Giants,28.0,6.0,17.0,312.0,201.0,111.0,2.0,14.0,240.0,166.0,74.0,2.0,8.23,21.12,-7.83,MIN,2024
2,Sun,September 15,1:00PM ET,boxscore,W,,2-0,,San Francisco 49ers,23.0,17.0,17.0,403.0,257.0,146.0,2.0,24.0,396.0,294.0,102.0,2.0,3.76,-0.86,4.39,MIN,2024
3,Sun,September 22,1:00PM ET,boxscore,W,,3-0,,Houston Texans,34.0,7.0,19.0,274.0,156.0,118.0,,17.0,296.0,258.0,38.0,2.0,12.18,12.45,3.86,MIN,2024
4,Sun,September 29,1:00PM ET,boxscore,W,,4-0,@,Green Bay Packers,31.0,29.0,22.0,374.0,254.0,120.0,3.0,24.0,465.0,379.0,86.0,4.0,0.52,4.43,-1.45,MIN,2024
5,Sun,October 6,9:30AM ET,boxscore,W,,5-0,,New York Jets,23.0,17.0,17.0,253.0,171.0,82.0,2.0,17.0,254.0,218.0,36.0,3.0,-11.27,20.2,-6.06,MIN,2024
6,,,,,,,,,Bye Week,,,,,,,,,,,,,,,,MIN,2024
7,Sun,October 20,1:00PM ET,boxscore,L,,5-1,,Detroit Lions,29.0,31.0,16.0,383.0,244.0,139.0,1.0,19.0,391.0,247.0,144.0,1.0,5.48,-6.31,-0.54,MIN,2024
8,Thu,October 24,8:15PM ET,boxscore,L,,5-2,@,Los Angeles Rams,20.0,30.0,17.0,276.0,212.0,64.0,,26.0,386.0,279.0,107.0,1.0,6.94,-18.78,-0.25,MIN,2024
9,Sun,November 3,8:20PM ET,boxscore,W,,6-2,,Indianapolis Colts,21.0,13.0,29.0,415.0,282.0,133.0,3.0,13.0,227.0,159.0,68.0,2.0,4.42,9.87,-4.04,MIN,2024
10,Sun,November 10,1:00PM ET,boxscore,W,,7-2,@,Jacksonville Jaguars,12.0,7.0,28.0,402.0,233.0,169.0,3.0,10.0,143.0,87.0,56.0,3.0,-1.19,12.24,-5.31,MIN,2024
11,Sun,November 17,1:00PM ET,boxscore,W,,8-2,@,Tennessee Titans,23.0,13.0,24.0,318.0,236.0,82.0,1.0,11.0,294.0,261.0,33.0,1.0,5.25,7.51,-3.94,MIN,2024
12,Sun,November 24,1:00PM ET,boxscore,W,OT,9-2,@,Chicago Bears,30.0,27.0,22.0,452.0,328.0,124.0,1.0,20.0,398.0,320.0,78.0,1.0,11.47,-3.44,-3.03,MIN,2024
13,Sun,December 1,1:00PM ET,boxscore,W,,10-2,,Arizona Cardinals,23.0,22.0,19.0,273.0,205.0,68.0,1.0,25.0,406.0,252.0,154.0,2.0,5.27,-9.13,6.11,MIN,2024
14,Sun,December 8,1:00PM ET,boxscore,W,,11-2,,Atlanta Falcons,42.0,21.0,23.0,433.0,318.0,115.0,,25.0,496.0,338.0,158.0,3.0,29.04,-9.92,1.49,MIN,2024
15,Mon,December 16,8:00PM ET,boxscore,W,,12-2,,Chicago Bears,30.0,12.0,24.0,329.0,215.0,114.0,1.0,16.0,284.0,171.0,113.0,1.0,8.32,14.01,-3.74,MIN,2024
16,Sun,December 22,4:05PM ET,boxscore,W,,13-2,@,Seattle Seahawks,27.0,24.0,19.0,298.0,217.0,81.0,,23.0,361.0,302.0,59.0,2.0,3.78,-4.4,4.44,MIN,2024
17,Sun,December 29,4:25PM ET,boxscore,W,,14-2,,Green Bay Packers,27.0,25.0,26.0,441.0,372.0,69.0,1.0,17.0,271.0,167.0,104.0,1.0,14.06,-2.07,-8.79,MIN,2024
18,Sun,January 5,8:20PM ET,boxscore,L,,14-3,@,Detroit Lions,9.0,31.0,14.0,262.0,142.0,120.0,,24.0,394.0,216.0,178.0,2.0,-14.27,-8.19,0.26,MIN,2024
,,Playoffs,,,,,,,,,,,,,,,,,,,,,,,MIN,2024
Wild Card,Mon,January 13,8:00PM ET,boxscore,L,,14-4,@,Los Angeles Rams,9.0,27.0,20.0,269.0,163.0,106.0,2.0,16.0,292.0,202.0,90.0,,-21.02,-2.78,1.73,MIN,2024
1,Sun,September 8,8:20PM ET,boxscore,W,OT,1-0,,Los Angeles Rams,26.0,20.0,21.0,363.0,200.0,163.0,1.0,26.0,387.0,304.0,83.0,1.0,9.52,-8.78,3.9,DET,2024
2,Sun,September 15,1:00PM ET,boxscore,L,,1-1,,Tampa Bay Buccaneers,16.0,20.0,26.0,463.0,324.0,139.0,2.0,14.0,216.0,146.0,70.0,1.0,3.18,-0.1,-4.12,DET,2024
3,Sun,September 22,4:25PM ET,boxscore,W,,2-1,@,Arizona Cardinals,20.0,13.0,23.0,373.0,186.0,187.0,1.0,17.0,277.0,200.0,77.0,1.0,5.52,5.25,-2.55,DET,2024
4,Mon,September 30,8:15PM ET,boxscore,W,,3-1,,Seattle Seahawks,42.0,29.0,21.0,389.0,273.0,116.0,,38.0,516.0,383.0,133.0,2.0,24.24,-15.58,1.69,DET,2024
5,,,,,,,,,Bye Week,,,,,,,,,,,,,,,,DET,2024
6,Sun,October 13,4:25PM ET,boxscore,W,,4-1,@,Dallas Cowboys,47.0,9.0,27.0,492.0,308.0,184.0,,16.0,251.0,198.0,53.0,5.0,24.4,24.28,-9.24,DET,2024
7,Sun,October 20,1:00PM ET,boxscore,W,,5-1,@,Minnesota Vikings,31.0,29.0,19.0,391.0,247.0,144.0,1.0,16.0,383.0,244.0,139.0,1.0,6.31,-5.48,0.54,DET,2024
8,Sun,October 27,1:00PM ET,boxscore,W,,6-1,,Tennessee Titans,52.0,14.0,17.0,225.0,61.0,164.0,,23.0,416.0,258.0,158.0,4.0,11.03,10.2,14.05,DET,2024
9,Sun,November 3,4:25PM ET,boxscore,W,,7-1,@,Green Bay Packers,24.0,14.0,17.0,261.0,137.0,124.0,,20.0,411.0,273.0,138.0,1.0,6.2,-3.7,6.04,DET,2024
10,Sun,November 10,8:20PM ET,boxscore,W,,8-1,@,Houston Texans,26.0,23.0,19.0,345.0,240.0,105.0,5.0,16.0,248.0,192.0,56.0,2.0,-4.41,8.28,-1.87,DET,2024
11,Sun,November 17,1:00PM ET,boxscore,W,,9-1,,Jacksonville Jaguars,52.0,6.0,38.0,645.0,449.0,196.0,,10.0,170.0,129.0,41.0,1.0,48.7,11.69,-11.65,DET,2024
12,Sun,November 24,1:00PM ET,boxscore,W,,10-1,@,Indianapolis Colts,24.0,6.0,26.0,390.0,253.0,137.0,,11.0,268.0,172.0,96.0,,12.94,8.39,0.16,DET,2024
13,Thu,November 28,12:30PM ET,boxscore,W,,11-1,,Chicago Bears,23.0,20.0,25.0,405.0,211.0,194.0,1.0,17.0,301.0,223.0,78.0,,11.41,-5.48,-3.46,DET,2024
14,Thu,December 5,8:15PM ET,boxscore,W,,12-1,,Green Bay Packers,34.0,31.0,27.0,391.0,280.0,111.0,1.0,17.0,298.0,199.0,99.0,1.0,13.69,-11.75,0.8,DET,2024
15,Sun,December 15,4:25PM ET,boxscore,L,,12-2,,Buffalo Bills,42.0,48.0,30.0,521.0,473.0,48.0,1.0,28.0,559.0,362.0,197.0,,26.61,-32.07,-4.46,DET,2024
16,Sun,December 22,1:00PM ET,boxscore,W,,13-2,@,Chicago Bears,34.0,17.0,27.0,475.0,329.0,146.0,,19.0,382.0,323.0,59.0,2.0,24.06,-3.86,-0.82,DET,2024
17,Mon,December 30,8:15PM ET,boxscore,W,,14-2,@,San Francisco 49ers,40.0,34.0,23.0,439.0,287.0,152.0,,29.0,475.0,400.0,75.0,2.0,24.46,-25.85,8.14,DET,2024
18,Sun,January 5,8:20PM ET,boxscore,W,,15-2,,Minnesota Vikings,31.0,9.0,24.0,394.0,216.0,178.0,2.0,14.0,262.0,142.0,120.0,,8.19,14.27,-0.26,DET,2024
,,Playoffs,,,,,,,,,,,,,,,,,,,,,,,DET,2024
Division,Sat,January 18,8:00PM ET,boxscore,L,,15-3,,Washington Commanders,31.0,45.0,30.0,521.0,320.0,201.0,5.0,27.0,481.0,299.0,182.0,,13.75,-27.77,1.72,DET,2024
1,Sun,September 8,1:00PM ET,boxscore,L,,0-1,@,New Orleans Saints,10.0,47.0,11.0,193.0,135.0,58.0,3.0,22.0,379.0,199.0,180.0,1.0,-17.04,-19.08,0.61,CAR,2024
2,Sun,September 15,1:00PM ET,boxscore,L,,0-2,,Los Angeles Chargers,3.0,26.0,7.0,159.0,69.0,90.0,1.0,21.0,349.0,130.0,219.0,2.0,-22.45,-6.7,5.45,CAR,2024
3,Sun,September 22,4:05PM ET,boxscore,W,,1-2,@,Las Vegas Raiders,36.0,22.0,24.0,437.0,306.0,131.0,,20.0,331.0,276.0,55.0,1.0,15.32,-1.38,-0.97,CAR,2024
4,Sun,September 29,1:00PM ET,boxscore,L,,1-3,,Cincinnati Bengals,24.0,34.0,24.0,375.0,220.0,155.0,1.0,24.0,373.0,232.0,141.0,1.0,6.2,-13.19,-0.49,CAR,2024
5,Sun,October 6,1:00PM ET,boxscore,L,,1-4,@,Chicago Bears,10.0,36.0,14.0,292.0,172.0,120.0,3.0,24.0,424.0,296.0,128.0,,-10.09,-13.9,2.68,CAR,2024
6,Sun,October 13,4:25PM ET,boxscore,L,,1-5,,Atlanta Falcons,20.0,38.0,21.0,335.0,221.0,114.0,2.0,25.0,423.0,225.0,198.0,1.0,-3.27,-12.46,0.54,CAR,2024
7,Sun,October 20,4:05PM ET,boxscore,L,,1-6,@,Washington Commanders,7.0,40.0,10.0,180.0,85.0,95.0,2.0,26.0,421.0,207.0,214.0,,-17.78,-20.0,5.0,CAR,2024
8,Sun,October 27,4:25PM ET,boxscore,L,,1-7,@,Denver Broncos,14.0,28.0,16.0,284.0,215.0,69.0,2.0,23.0,400.0,298.0,102.0,2.0,-10.8,-9.09,4.01,CAR,2024
9,Sun,November 3,1:00PM ET,boxscore,W,,2-7,,New Orleans Saints,23.0,22.0,15.0,246.0,166.0,80.0,1.0,25.0,427.0,230.0,197.0,,3.79,-8.56,3.89,CAR,2024
10,Sun,November 10,9:30AM ET,boxscore,W,OT,3-7,,New York Giants,20.0,17.0,15.0,306.0,118.0,188.0,1.0,24.0,342.0,175.0,167.0,3.0,-3.9,2.48,5.27,CAR,2024
11,,,,,,,,,Bye Week,,,,,,,,,,,,,,,,CAR,2024
12,Sun,November 24,1:00PM ET,boxscore,L,,3-8,,Kansas City Chiefs,27.0,30.0,21.0,334.0,249.0,85.0,,27.0,391.0,226.0,165.0,,12.51,-20.35,2.84,CAR,2024
13,Sun,December 1,4:05PM ET,boxscore,L,OT,3-9,,Tampa Bay Buccaneers,23.0,26.0,19.0,367.0,289.0,78.0,1.0,27.0,445.0,209.0,236.0,2.0,1.71,-0.85,-5.13,CAR,2024
14,Sun,December 8,1:00PM ET,boxscore,L,,3-10,@,Philadelphia Eagles,16.0,22.0,20.0,302.0,184.0,118.0,1.0,18.0,292.0,83.0,209.0,,0.46,-9.76,1.25,CAR,2024
15,Sun,December 15,1:00PM ET,boxscore,L,,3-11,,Dallas Cowboys,14.0,30.0,16.0,235.0,175.0,60.0,4.0,24.0,410.0,199.0,211.0,1.0,-5.8,-13.16,-1.21,CAR,2024
16,Sun,December 22,1:00PM ET,boxscore,W,OT,4-11,,Arizona Cardinals,36.0,30.0,22.0,392.0,149.0,243.0,,23.0,382.0,176.0,206.0,2.0,17.92,-12.4,0.74,CAR,2024
17,Sun,December 29,1:00PM ET,boxscore,L,,4-12,@,Tampa Bay Buccaneers,14.0,48.0,13.0,204.0,165.0,39.0,,33.0,551.0,349.0,202.0,,-1.67,-35.23,2.32,CAR,2024
18,Sun,January 5,1:00PM ET,boxscore,W,OT,5-12,@,Atlanta Falcons,44.0,38.0,25.0,425.0,270.0,155.0,,31.0,537.0,310.0,227.0,1.0,25.36,-26.85,7.75,CAR,2024
1,Sun,September 8,4:25PM ET,boxscore,W,,1-0,,Washington Commanders,37.0,20.0,22.0,392.0,280.0,112.0,,22.0,299.0,161.0,138.0,,22.08,-9.77,6.66,TAM,2024
2,Sun,September 15,1:00PM ET,boxscore,W,,2-0,@,Detroit Lions,20.0,16.0,14.0,216.0,146.0,70.0,1.0,26.0,463.0,324.0,139.0,2.0,0.1,-3.18,4.12,TAM,2024
3,Sun,September 22,1:00PM ET,boxscore,L,,2-1,,Denver Broncos,7.0,26.0,17.0,223.0,132.0,91.0,2.0,18.0,352.0,216.0,136.0,1.0,-13.68,-3.34,0.75,TAM,2024
4,Sun,September 29,1:00PM ET,boxscore,W,,3-1,,Philadelphia Eagles,33.0,16.0,29.0,445.0,334.0,111.0,,16.0,227.0,114.0,113.0,2.0,21.36,4.13,-1.43,TAM,2024
5,Thu,October 3,8:15PM ET,boxscore,L,OT,3-2,@,Atlanta Falcons,30.0,36.0,21.0,333.0,173.0,160.0,1.0,28.0,550.0,477.0,73.0,1.0,9.87,-22.44,5.72,TAM,2024
6,Sun,October 13,1:00PM ET,boxscore,W,,4-2,@,New Orleans Saints,51.0,27.0,31.0,594.0,317.0,277.0,3.0,19.0,303.0,222.0,81.0,3.0,21.29,13.11,-11.75,TAM,2024
7,Mon,October 21,8:15PM ET,boxscore,L,,4-3,,Baltimore Ravens,31.0,41.0,28.0,481.0,356.0,125.0,2.0,22.0,508.0,264.0,244.0,1.0,13.75,-23.15,-0.41,TAM,2024
8,Sun,October 27,1:00PM ET,boxscore,L,,4-4,,Atlanta Falcons,26.0,31.0,24.0,432.0,330.0,102.0,3.0,20.0,394.0,265.0,129.0,,6.89,-19.02,8.11,TAM,2024
9,Mon,November 4,8:15PM ET,boxscore,L,OT,4-5,@,Kansas City Chiefs,24.0,30.0,17.0,284.0,189.0,95.0,,28.0,384.0,260.0,124.0,1.0,7.44,-13.78,0.89,TAM,2024
10,Sun,November 10,1:00PM ET,boxscore,L,,4-6,,San Francisco 49ers,20.0,23.0,18.0,215.0,105.0,110.0,,24.0,413.0,338.0,75.0,1.0,0.91,-18.5,15.44,TAM,2024
11,,,,,,,,,Bye Week,,,,,,,,,,,,,,,,TAM,2024
12,Sun,November 24,1:00PM ET,boxscore,W,,5-6,@,New York Giants,30.0,7.0,24.0,451.0,294.0,157.0,1.0,17.0,245.0,169.0,76.0,1.0,19.82,7.28,-7.47,TAM,2024
13,Sun,December 1,4:05PM ET,boxscore,W,OT,6-6,@,Carolina Panthers,26.0,23.0,27.0,445.0,209.0,236.0,2.0,19.0,367.0,289.0,78.0,1.0,0.85,-1.71,5.13,TAM,2024
14,Sun,December 8,1:00PM ET,boxscore,W,,7-6,,Las Vegas Raiders,28.0,13.0,21.0,420.0,268.0,152.0,3.0,16.0,286.0,195.0,91.0,2.0,12.48,5.22,-4.26,TAM,2024
15,Sun,December 15,4:25PM ET,boxscore,W,,8-6,@,Los Angeles Chargers,40.0,17.0,24.0,506.0,283.0,223.0,2.0,14.0,206.0,174.0,32.0,2.0,19.94,7.54,-0.61,TAM,2024
16,Sun,December 22,8:20PM ET,boxscore,L,,8-7,@,Dallas Cowboys,24.0,26.0,25.0,410.0,276.0,134.0,2.0,15.0,317.0,286.0,31.0,,5.82,0.21,-9.0,TAM,2024
17,Sun,December 29,1:00PM ET,boxscore,W,,9-7,,Carolina Panthers,48.0,14.0,33.0,551.0,349.0,202.0,,13.0,204.0,165.0,39.0,,35.23,1.67,-2.32,TAM,2024
18,Sun,January 5,1:00PM ET,boxscore,W,,10-7,,New Orleans Saints,27.0,19.0,20.0,395.0,216.0,179.0,1.0,19.0,292.0,228.0,64.0,,14.98,0.04,-4.89,TAM,2024
,,Playoffs,,,,,,,,,,,,,,,,,,,,,,,TAM,2024
Wild Card,Sun,January 12,8:00PM ET,boxscore,L,,10-8,,Washington Commanders,20.0,23.0,19.0,284.0,183.0,101.0,1.0,22.0,350.0,268.0,82.0,,7.96,-11.83,0.88,TAM,2024
1,Sun,September 8,1:00PM ET,boxscore,L,,0-1,,Pittsburgh Steelers,10.0,18.0,15.0,226.0,137.0,89.0,3.0,16.0,270.0,133.0,137.0,,-13.7,6.25,-2.05,ATL,2024
2,Mon,September 16,8:15PM ET,boxscore,W,,1-1,@,Philadelphia Eagles,22.0,21.0,22.0,385.0,233.0,152.0,,22.0,365.0,179.0,186.0,1.0,8.72,-7.13,-1.28,ATL,2024
3,Sun,September 22,8:20PM ET,boxscore,L,,1-2,,Kansas City Chiefs,17.0,22.0,19.0,311.0,229.0,82.0,1.0,22.0,345.0,217.0,128.0,1.0,2.09,-5.9,1.56,ATL,2024
4,Sun,September 29,1:00PM ET,boxscore,W,,2-2,,New Orleans Saints,26.0,24.0,14.0,315.0,227.0,88.0,1.0,25.0,366.0,235.0,131.0,2.0,-0.48,-5.66,7.11,ATL,2024
5,Thu,October 3,8:15PM ET,boxscore,W,OT,3-2,,Tampa Bay Buccaneers,36.0,30.0,28.0,550.0,477.0,73.0,1.0,21.0,333.0,173.0,160.0,1.0,22.44,-9.87,-5.72,ATL,2024
6,Sun,October 13,4:25PM ET,boxscore,W,,4-2,@,Carolina Panthers,38.0,20.0,25.0,423.0,225.0,198.0,1.0,21.0,335.0,221.0,114.0,2.0,12.46,3.27,-0.54,ATL,2024
7,Sun,October 20,1:00PM ET,boxscore,L,,4-3,,Seattle Seahawks,14.0,34.0,22.0,369.0,214.0,155.0,3.0,20.0,339.0,236.0,103.0,,-0.56,-13.35,-3.91,ATL,2024
8,Sun,October 27,1:00PM ET,boxscore,W,,5-3,@,Tampa Bay Buccaneers,31.0,26.0,20.0,394.0,265.0,129.0,,24.0,432.0,330.0,102.0,3.0,19.02,-6.89,-8.11,ATL,2024
9,Sun,November 3,1:00PM ET,boxscore,W,,6-3,,Dallas Cowboys,27.0,21.0,17.0,310.0,210.0,100.0,1.0,23.0,378.0,241.0,137.0,,3.85,-0.36,0.45,ATL,2024
10,Sun,November 10,1:00PM ET,boxscore,L,,6-4,@,New Orleans Saints,17.0,20.0,25.0,468.0,287.0,181.0,1.0,14.0,365.0,269.0,96.0,,12.88,-3.82,-10.26,ATL,2024
11,Sun,November 17,4:05PM ET,boxscore,L,,6-5,@,Denver Broncos,6.0,38.0,13.0,226.0,176.0,50.0,1.0,22.0,400.0,295.0,105.0,,-7.97,-22.98,4.61,ATL,2024
12,,,,,,,,,Bye Week,,,,,,,,,,,,,,,,ATL,2024
13,Sun,December 1,1:00PM ET,boxscore,L,,6-6,,Los Angeles Chargers,13.0,17.0,24.0,350.0,234.0,116.0,4.0,10.0,187.0,131.0,56.0,1.0,-7.49,12.32,-6.16,ATL,2024
14,Sun,December 8,1:00PM ET,boxscore,L,,6-7,@,Minnesota Vikings,21.0,42.0,25.0,496.0,338.0,158.0,3.0,23.0,433.0,318.0,115.0,,9.92,-29.04,-1.49,ATL,2024
15,Mon,December 16,8:30PM ET,boxscore,W,,7-7,@,Las Vegas Raiders,15.0,9.0,14.0,261.0,93.0,168.0,1.0,16.0,249.0,184.0,65.0,3.0,-6.96,12.24,1.41,ATL,2024
16,Sun,December 22,1:00PM ET,boxscore,W,,8-7,,New York Giants,34.0,7.0,22.0,329.0,202.0,127.0,1.0,14.0,234.0,189.0,45.0,3.0,8.36,24.48,-7.5,ATL,2024
17,Sun,December 29,8:20PM ET,boxscore,L,OT,8-8,@,Washington Commanders,24.0,30.0,23.0,337.0,211.0,126.0,1.0,29.0,412.0,196.0,216.0,1.0,10.2,-14.05,-2.41,ATL,2024
18,Sun,January 5,1:00PM ET,boxscore,L,OT,8-9,,Carolina Panthers,38.0,44.0,31.0,537.0,310.0,227.0,1.0,25.0,425.0,270.0,155.0,,26.85,-25.36,-7.75,ATL,2024
1,Sun,September 8,1:00PM ET,boxscore,W,,1-0,,Carolina Panthers,47.0,10.0,22.0,379.0,199.0,180.0,1.0,11.0,193.0,135.0,58.0,3.0,19.08,17.04,-0.61,NOR,2024
2,Sun,September 15,1:00PM ET,boxscore,W,,2-0,@,Dallas Cowboys,44.0,19.0,24.0,432.0,242.0,190.0,1.0,20.0,353.0,285.0,68.0,2.0,26.86,4.63,-7.86,NOR,2024
3,Sun,September 22,1:00PM ET,boxscore,L,,2-1,,Philadelphia Eagles,12.0,15.0,12.0,219.0,130.0,89.0,1.0,20.0,460.0,288.0,172.0,2.0,-8.47,-3.12,8.68,NOR,2024
4,Sun,September 29,1:00PM ET,boxscore,L,,2-2,@,Atlanta Falcons,24.0,26.0,25.0,366.0,235.0,131.0,2.0,14.0,315.0,227.0,88.0,1.0,5.66,0.48,-7.11,NOR,2024
5,Mon,October 7,8:15PM ET,boxscore,L,,2-3,@,Kansas City Chiefs,13.0,26.0,14.0,220.0,174.0,46.0,1.0,28.0,460.0,321.0,139.0,1.0,-3.67,-12.27,4.34,NOR,2024
6,Sun,October 13,1:00PM ET,boxscore,L,,2-4,,Tampa Bay Buccaneers,27.0,51.0,19.0,303.0,222.0,81.0,3.0,31.0,594.0,317.0,277.0,3.0,-13.11,-21.29,11.75,NOR,2024
7,Thu,October 17,8:15PM ET,boxscore,L,,2-5,,Denver Broncos,10.0,33.0,15.0,271.0,174.0,97.0,2.0,22.0,389.0,164.0,225.0,1.0,-17.45,-6.09,-2.05,NOR,2024
8,Sun,October 27,4:05PM ET,boxscore,L,,2-6,@,Los Angeles Chargers,8.0,26.0,15.0,366.0,249.0,117.0,,19.0,378.0,256.0,122.0,,-4.86,-8.93,1.06,NOR,2024
9,Sun,November 3,1:00PM ET,boxscore,L,,2-7,@,Carolina Panthers,22.0,23.0,25.0,427.0,230.0,197.0,,15.0,246.0,166.0,80.0,1.0,8.56,-3.79,-3.89,NOR,2024
10,Sun,November 10,1:00PM ET,boxscore,W,,3-7,,Atlanta Falcons,20.0,17.0,14.0,365.0,269.0,96.0,,25.0,468.0,287.0,181.0,1.0,3.82,-12.88,10.26,NOR,2024
11,Sun,November 17,1:00PM ET,boxscore,W,,4-7,,Cleveland Browns,35.0,14.0,19.0,473.0,259.0,214.0,2.0,22.0,443.0,377.0,66.0,,22.72,-4.8,3.0,NOR,2024
12,,,,,,,,,Bye Week,,,,,,,,,,,,,,,,NOR,2024
13,Sun,December 1,4:05PM ET,boxscore,L,,4-8,,Los Angeles Rams,14.0,21.0,19.0,327.0,184.0,143.0,,22.0,322.0,166.0,156.0,,3.89,-13.85,2.2,NOR,2024
14,Sun,December 8,1:00PM ET,boxscore,W,,5-8,@,New York Giants,14.0,11.0,18.0,292.0,200.0,92.0,1.0,16.0,325.0,213.0,112.0,1.0,-2.53,10.58,-1.93,NOR,2024
15,Sun,December 15,1:00PM ET,boxscore,L,,5-9,,Washington Commanders,19.0,20.0,17.0,245.0,176.0,69.0,1.0,23.0,326.0,189.0,137.0,,1.53,-6.99,3.73,NOR,2024
16,Mon,December 23,8:15PM ET,boxscore,L,,5-10,@,Green Bay Packers,0.0,34.0,14.0,196.0,129.0,67.0,2.0,24.0,404.0,216.0,188.0,,-16.18,-22.29,3.84,NOR,2024
17,Sun,December 29,1:00PM ET,boxscore,L,,5-11,,Las Vegas Raiders,10.0,25.0,13.0,269.0,188.0,81.0,2.0,22.0,388.0,232.0,156.0,,-11.13,-8.77,3.55,NOR,2024
18,Sun,January 5,1:00PM ET,boxscore,L,,5-12,@,Tampa Bay Buccaneers,19.0,27.0,19.0,292.0,228.0,64.0,,20.0,395.0,216.0,179.0,1.0,-0.04,-14.98,4.89,NOR,2024
1,Sun,September 8,4:05PM ET,boxscore,W,,1-0,,Denver Broncos,26.0,20.0,19.0,304.0,158.0,146.0,2.0,13.0,231.0,132.0,99.0,3.0,-3.15,19.83,-11.19,SEA,2024
2,Sun,September 15,1:00PM ET,boxscore,W,OT,2-0,@,New England Patriots,23.0,20.0,18.0,358.0,312.0,46.0,,19.0,310.0,125.0,185.0,,7.65,-3.42,-1.23,SEA,2024
3,Sun,September 22,4:05PM ET,boxscore,W,,3-0,,Miami Dolphins,24.0,3.0,21.0,370.0,270.0,100.0,2.0,13.0,205.0,140.0,65.0,,0.77,20.39,-1.24,SEA,2024
4,Mon,September 30,8:15PM ET,boxscore,L,,3-1,@,Detroit Lions,29.0,42.0,38.0,516.0,383.0,133.0,2.0,21.0,389.0,273.0,116.0,,15.58,-24.24,-1.69,SEA,2024
5,Sun,October 6,4:25PM ET,boxscore,L,,3-2,,New York Giants,20.0,29.0,17.0,333.0,231.0,102.0,1.0,24.0,420.0,245.0,175.0,1.0,-5.39,1.17,-7.07,SEA,2024
6,Thu,October 10,8:15PM ET,boxscore,L,,3-3,,San Francisco 49ers,24.0,36.0,22.0,358.0,306.0,52.0,3.0,21.0,483.0,255.0,228.0,,0.59,-19.5,7.06,SEA,2024
7,Sun,October 20,1:00PM ET,boxscore,W,,4-3,@,Atlanta Falcons,34.0,14.0,20.0,339.0,236.0,103.0,,22.0,369.0,214.0,155.0,3.0,13.35,0.56,3.91,SEA,2024
8,Sun,October 27,4:05PM ET,boxscore,L,,4-4,,Buffalo Bills,10.0,31.0,17.0,233.0,201.0,32.0,2.0,29.0,445.0,281.0,164.0,1.0,-8.68,-16.41,2.1,SEA,2024
9,Sun,November 3,4:25PM ET,boxscore,L,OT,4-5,,Los Angeles Rams,20.0,26.0,20.0,424.0,317.0,107.0,3.0,22.0,366.0,298.0,68.0,1.0,-12.59,-0.01,5.33,SEA,2024
10,,,,,,,,,Bye Week,,,,,,,,,,,,,,,,SEA,2024
11,Sun,November 17,4:05PM ET,boxscore,W,,5-5,@,San Francisco 49ers,20.0,17.0,19.0,289.0,195.0,94.0,1.0,21.0,277.0,146.0,131.0,1.0,3.33,-4.48,1.86,SEA,2024
12,Sun,November 24,4:25PM ET,boxscore,W,,6-5,,Arizona Cardinals,16.0,6.0,17.0,285.0,220.0,65.0,1.0,15.0,298.0,249.0,49.0,1.0,0.58,11.53,-1.29,SEA,2024
13,Sun,December 1,1:00PM ET,boxscore,W,,7-5,@,New York Jets,26.0,21.0,16.0,259.0,175.0,84.0,2.0,17.0,258.0,169.0,89.0,2.0,6.51,14.98,-14.94,SEA,2024
14,Sun,December 8,4:05PM ET,boxscore,W,,8-5,@,Arizona Cardinals,30.0,18.0,18.0,409.0,233.0,176.0,,21.0,356.0,235.0,121.0,2.0,10.26,-0.39,2.05,SEA,2024
15,Sun,December 15,8:20PM ET,boxscore,L,,8-6,,Green Bay Packers,13.0,30.0,14.0,208.0,128.0,80.0,2.0,21.0,369.0,229.0,140.0,1.0,-13.45,-11.94,9.51,SEA,2024
16,Sun,December 22,4:05PM ET,boxscore,L,,8-7,,Minnesota Vikings,24.0,27.0,23.0,361.0,302.0,59.0,2.0,19.0,298.0,217.0,81.0,,4.4,-3.78,-4.44,SEA,2024
17,Thu,December 26,8:15PM ET,boxscore,W,,9-7,@,Chicago Bears,6.0,3.0,12.0,265.0,143.0,122.0,1.0,11.0,179.0,76.0,103.0,1.0,-6.51,12.22,-2.22,SEA,2024
18,Sun,January 5,4:25PM ET,boxscore,W,,10-7,@,Los Angeles Rams,30.0,25.0,18.0,336.0,210.0,126.0,,20.0,403.0,319.0,84.0,1.0,13.35,-7.91,-1.29,SEA,2024
1,Sun,September 8,8:20PM ET,boxscore,L,OT,0-1,@,Detroit Lions,20.0,26.0,26.0,387.0,304.0,83.0,1.0,21.0,363.0,200.0,163.0,1.0,8.78,-9.52,-3.9,LAR,2024
2,Sun,September 15,4:05PM ET,boxscore,L,,0-2,@,Arizona Cardinals,10.0,41.0,14.0,245.0,192.0,53.0,1.0,24.0,489.0,258.0,231.0,1.0,-8.89,-26.58,4.42,LAR,2024
3,Sun,September 22,4:25PM ET,boxscore,W,,1-2,,San Francisco 49ers,27.0,24.0,19.0,296.0,198.0,98.0,,25.0,425.0,288.0,137.0,1.0,15.13,-19.1,3.14,LAR,2024
4,Sun,September 29,1:00PM ET,boxscore,L,,1-3,@,Chicago Bears,18.0,24.0,21.0,322.0,203.0,119.0,2.0,17.0,264.0,133.0,131.0,,-0.67,-5.29,-3.65,LAR,2024
5,Sun,October 6,4:25PM ET,boxscore,L,,1-4,,Green Bay Packers,19.0,24.0,24.0,370.0,236.0,134.0,2.0,19.0,328.0,202.0,126.0,1.0,-0.39,-2.84,-2.74,LAR,2024
6,,,,,,,,,Bye Week,,,,,,,,,,,,,,,,LAR,2024
7,Sun,October 20,4:05PM ET,boxscore,W,,2-4,,Las Vegas Raiders,20.0,15.0,15.0,259.0,144.0,115.0,1.0,20.0,317.0,195.0,122.0,4.0,-7.94,19.97,-5.08,LAR,2024
8,Thu,October 24,8:15PM ET,boxscore,W,,3-4,,Minnesota Vikings,30.0,20.0,26.0,386.0,279.0,107.0,1.0,17.0,276.0,212.0,64.0,,18.78,-6.94,0.25,LAR,2024
9,Sun,November 3,4:25PM ET,boxscore,W,OT,4-4,@,Seattle Seahawks,26.0,20.0,22.0,366.0,298.0,68.0,1.0,20.0,424.0,317.0,107.0,3.0,0.01,12.59,-5.33,LAR,2024
10,Mon,November 11,8:15PM ET,boxscore,L,,4-5,,Miami Dolphins,15.0,23.0,20.0,327.0,257.0,70.0,2.0,15.0,238.0,171.0,67.0,2.0,-8.9,2.5,-3.64,LAR,2024
11,Sun,November 17,1:00PM ET,boxscore,W,,5-5,@,New England Patriots,28.0,22.0,19.0,402.0,295.0,107.0,,26.0,382.0,257.0,125.0,2.0,19.37,-10.52,-2.87,LAR,2024
12,Sun,November 24,8:20PM ET,boxscore,L,,5-6,,Philadelphia Eagles,20.0,37.0,23.0,290.0,198.0,92.0,1.0,24.0,481.0,167.0,314.0,,5.78,-23.71,0.13,LAR,2024
13,Sun,December 1,4:05PM ET,boxscore,W,,6-6,@,New Orleans Saints,21.0,14.0,22.0,322.0,166.0,156.0,,19.0,327.0,184.0,143.0,,13.85,-3.89,-2.2,LAR,2024
14,Sun,December 8,4:25PM ET,boxscore,W,,7-6,,Buffalo Bills,44.0,42.0,28.0,457.0,320.0,137.0,,25.0,445.0,342.0,103.0,,29.74,-31.07,8.6,LAR,2024
15,Thu,December 12,8:15PM ET,boxscore,W,,8-6,@,San Francisco 49ers,12.0,6.0,14.0,302.0,160.0,142.0,,11.0,191.0,128.0,63.0,1.0,-4.3,14.31,-3.29,LAR,2024
16,Sun,December 22,1:00PM ET,boxscore,W,,9-6,@,New York Jets,19.0,9.0,17.0,242.0,110.0,132.0,1.0,17.0,321.0,246.0,75.0,2.0,3.87,3.81,4.63,LAR,2024
17,Sat,December 28,8:10PM ET,boxscore,W,,10-6,,Arizona Cardinals,13.0,9.0,12.0,257.0,189.0,68.0,,24.0,396.0,283.0,113.0,2.0,-4.17,-0.09,6.46,LAR,2024
18,Sun,January 5,4:25PM ET,boxscore,L,,10-7,,Seattle Seahawks,25.0,30.0,20.0,403.0,319.0,84.0,1.0,18.0,336.0,210.0,126.0,,7.91,-13.35,1.29,LAR,2024
,,Playoffs,,,,,,,,,,,,,,,,,,,,,,,LAR,2024
Wild Card,Mon,January 13,8:00PM ET,boxscore,W,,11-7,,Minnesota Vikings,27.0,9.0,16.0,292.0,202.0,90.0,,20.0,269.0,163.0,106.0,2.0,2.78,21.02,-1.73,LAR,2024
Division,Sun,January 19,3:00PM ET,boxscore,L,,11-8,@,Philadelphia Eagles,22.0,28.0,18.0,402.0,291.0,111.0,2.0,16.0,350.0,65.0,285.0,,-3.6,-7.76,6.02,LAR,2024
1,Mon,September 9,8:15PM ET,boxscore,W,,1-0,,New York Jets,32.0,19.0,24.0,401.0,221.0,180.0,,14.0,266.0,198.0,68.0,2.0,11.24,2.83,0.93,SFO,2024
2,Sun,September 15,1:00PM ET,boxscore,L,,1-1,@,Minnesota Vikings,17.0,23.0,24.0,396.0,294.0,102.0,2.0,17.0,403.0,257.0,146.0,2.0,0.86,-3.76,-4.39,SFO,2024
3,Sun,September 22,4:25PM ET,boxscore,L,,1-2,@,Los Angeles Rams,24.0,27.0,25.0,425.0,288.0,137.0,1.0,19.0,296.0,198.0,98.0,,19.1,-15.13,-3.14,SFO,2024
4,Sun,September 29,4:05PM ET,boxscore,W,,2-2,,New England Patriots,30.0,13.0,19.0,431.0,283.0,148.0,2.0,12.0,216.0,143.0,73.0,3.0,11.48,24.17,-16.28,SFO,2024
5,Sun,October 6,4:05PM ET,boxscore,L,,2-3,,Arizona Cardinals,23.0,24.0,22.0,384.0,231.0,153.0,3.0,19.0,358.0,189.0,169.0,1.0,-0.37,-5.15,4.89,SFO,2024
6,Thu,October 10,8:15PM ET,boxscore,W,,3-3,@,Seattle Seahawks,36.0,24.0,21.0,483.0,255.0,228.0,,22.0,358.0,306.0,52.0,3.0,19.5,-0.59,-7.06,SFO,2024
7,Sun,October 20,4:25PM ET,boxscore,L,,3-4,,Kansas City Chiefs,18.0,28.0,19.0,310.0,209.0,101.0,3.0,22.0,329.0,145.0,184.0,2.0,-4.03,-5.57,-2.89,SFO,2024
8,Sun,October 27,8:20PM ET,boxscore,W,,4-4,,Dallas Cowboys,30.0,24.0,19.0,469.0,246.0,223.0,,18.0,292.0,236.0,56.0,2.0,12.85,-2.84,2.18,SFO,2024
9,,,,,,,,,Bye Week,,,,,,,,,,,,,,,,SFO,2024
10,Sun,November 10,1:00PM ET,boxscore,W,,5-4,@,Tampa Bay Buccaneers,23.0,20.0,24.0,413.0,338.0,75.0,1.0,18.0,215.0,105.0,110.0,,18.5,-0.91,-15.44,SFO,2024
11,Sun,November 17,4:05PM ET,boxscore,L,,5-5,,Seattle Seahawks,17.0,20.0,21.0,277.0,146.0,131.0,1.0,19.0,289.0,195.0,94.0,1.0,4.48,-3.33,-1.86,SFO,2024
12,Sun,November 24,4:25PM ET,boxscore,L,,5-6,@,Green Bay Packers,10.0,38.0,11.0,241.0,197.0,44.0,3.0,22.0,325.0,156.0,169.0,,-19.42,-12.2,2.13,SFO,2024
13,Sun,December 1,8:20PM ET,boxscore,L,,5-7,@,Buffalo Bills,10.0,35.0,15.0,239.0,86.0,153.0,3.0,20.0,372.0,152.0,220.0,,-5.31,-19.2,0.58,SFO,2024
14,Sun,December 8,4:25PM ET,boxscore,W,,6-7,,Chicago Bears,38.0,13.0,22.0,452.0,321.0,131.0,1.0,14.0,162.0,94.0,68.0,1.0,26.53,8.25,-9.47,SFO,2024
15,Thu,December 12,8:15PM ET,boxscore,L,,6-8,,Los Angeles Rams,6.0,12.0,11.0,191.0,128.0,63.0,1.0,14.0,302.0,160.0,142.0,,-14.31,4.3,3.29,SFO,2024
16,Sun,December 22,4:25PM ET,boxscore,L,,6-9,@,Miami Dolphins,17.0,29.0,20.0,374.0,293.0,81.0,1.0,21.0,381.0,215.0,166.0,,3.96,-11.08,-3.97,SFO,2024
17,Mon,December 30,8:15PM ET,boxscore,L,,6-10,,Detroit Lions,34.0,40.0,29.0,475.0,400.0,75.0,2.0,23.0,439.0,287.0,152.0,,25.85,-24.46,-8.14,SFO,2024
18,Sun,January 5,4:25PM ET,boxscore,L,,6-11,@,Arizona Cardinals,24.0,47.0,26.0,436.0,298.0,138.0,3.0,26.0,393.0,242.0,151.0,,4.86,-24.1,-2.64,SFO,2024
1,Sun,September 8,1:00PM ET,boxscore,L,,0-1,@,Buffalo Bills,28.0,34.0,18.0,270.0,146.0,124.0,1.0,23.0,352.0,222.0,130.0,1.0,3.22,-13.51,2.25,ARI,2024
2,Sun,September 15,4:05PM ET,boxscore,W,,1-1,,Los Angeles Rams,41.0,10.0,24.0,489.0,258.0,231.0,1.0,14.0,245.0,192.0,53.0,1.0,26.58,8.89,-4.42,ARI,2024
3,Sun,September 22,4:25PM ET,boxscore,L,,1-2,,Detroit Lions,13.0,20.0,17.0,277.0,200.0,77.0,1.0,23.0,373.0,186.0,187.0,1.0,-5.25,-5.52,2.55,ARI,2024
4,Sun,September 29,4:05PM ET,boxscore,L,,1-3,,Washington Commanders,14.0,42.0,17.0,296.0,115.0,181.0,1.0,29.0,449.0,233.0,216.0,1.0,2.67,-31.77,5.34,ARI,2024
5,Sun,October 6,4:05PM ET,boxscore,W,,2-3,@,San Francisco 49ers,24.0,23.0,19.0,358.0,189.0,169.0,1.0,22.0,384.0,231.0,153.0,3.0,5.15,0.37,-4.89,ARI,2024
6,Sun,October 13,1:00PM ET,boxscore,L,,2-4,@,Green Bay Packers,13.0,34.0,16.0,303.0,214.0,89.0,3.0,27.0,437.0,258.0,179.0,1.0,-6.86,-22.31,3.96,ARI,2024
7,Mon,October 21,9:00PM ET,boxscore,W,,3-4,,Los Angeles Chargers,17.0,15.0,22.0,326.0,145.0,181.0,1.0,20.0,395.0,336.0,59.0,2.0,9.33,-3.92,-3.41,ARI,2024
8,Sun,October 27,1:00PM ET,boxscore,W,,4-4,@,Miami Dolphins,28.0,27.0,22.0,389.0,307.0,82.0,,22.0,377.0,227.0,150.0,,12.76,-17.63,3.43,ARI,2024
9,Sun,November 3,4:05PM ET,boxscore,W,,5-4,,Chicago Bears,29.0,9.0,18.0,350.0,137.0,213.0,2.0,16.0,241.0,172.0,69.0,,1.12,12.48,4.01,ARI,2024
10,Sun,November 10,4:25PM ET,boxscore,W,,6-4,,New York Jets,31.0,6.0,28.0,406.0,259.0,147.0,,17.0,207.0,128.0,79.0,1.0,30.29,2.78,-6.95,ARI,2024
11,,,,,,,,,Bye Week,,,,,,,,,,,,,,,,ARI,2024
12,Sun,November 24,4:25PM ET,boxscore,L,,6-5,@,Seattle Seahawks,6.0,16.0,15.0,298.0,249.0,49.0,1.0,17.0,285.0,220.0,65.0,1.0,-11.53,-0.58,1.29,ARI,2024
13,Sun,December 1,1:00PM ET,boxscore,L,,6-6,@,Minnesota Vikings,22.0,23.0,25.0,406.0,252.0,154.0,2.0,19.0,273.0,205.0,68.0,1.0,9.13,-5.27,-6.11,ARI,2024
14,Sun,December 8,4:05PM ET,boxscore,L,,6-7,,Seattle Seahawks,18.0,30.0,21.0,356.0,235.0,121.0,2.0,18.0,409.0,233.0,176.0,,0.39,-10.26,-2.05,ARI,2024
15,Sun,December 15,4:25PM ET,boxscore,W,,7-7,,New England Patriots,30.0,17.0,21.0,395.0,232.0,163.0,,17.0,311.0,195.0,116.0,1.0,18.68,-5.28,2.63,ARI,2024
16,Sun,December 22,1:00PM ET,boxscore,L,OT,7-8,@,Carolina Panthers,30.0,36.0,23.0,382.0,176.0,206.0,2.0,22.0,392.0,149.0,243.0,,12.4,-17.92,-0.74,ARI,2024
17,Sat,December 28,8:10PM ET,boxscore,L,,7-9,@,Los Angeles Rams,9.0,13.0,24.0,396.0,283.0,113.0,2.0,12.0,257.0,189.0,68.0,,0.09,4.17,-6.46,ARI,2024
18,Sun,January 5,4:25PM ET,boxscore,W,,8-9,,San Francisco 49ers,47.0,24.0,26.0,393.0,242.0,151.0,,26.0,436.0,298.0,138.0,3.0,24.1,-4.86,2.64,ARI,2024
